{"X": [-0.2114743364211995, 0.281795075148698, -0.9767224069505807, 0.5613754775814683, -0.0747367602689333, -0.48641169201757745, 0.24560861712215115, -0.9345141572277565, 0.6398640245853008, -0.6826085660227474, 0.19191543778296355, 0.13249592912724087, 0.5936334577904553, -0.8048014015483606, -0.9086160785096075, 0.8834551625416719, 0.2870917209519274, 0.989150063456314, 0.15997398143017336, 0.6194873221772399, -0.4660883011099218, -0.1295085666560409, -0.8036020252916489, 0.6662785106982584, -0.8116046072210521, 0.8851978681528475, -0.7999269222229534, 0.7667806396317846, -0.0203800945698551, 0.44367921609726363, -0.2737829067641387, -0.54990740384032, 0.4019216754330502, -0.3148899238974458, -0.09990708618180126, -0.4913332098727421, 0.13975592716176466, -0.2377591699793741, -0.39889689172735276, -0.785432781927827, 0.41616679498456777, -0.9735198821751596, -0.17494341786772027, 0.3717977381133086, -0.6593712641910695, 0.5477161660639042, 0.681487626940203, -0.042141463167674614, -0.18508533118284337, 0.8271687793369847, 0.6493545639212519, -0.475895903505337, -0.5516504640054183, -0.4876337916413738, 0.5451923405115499, 0.7889124412183892, -0.8056666670261204, 0.018548295061770578, 0.2884708434376215, -0.2726649810162828, -0.6655215418401154, 0.8650090843382591, 0.2189881818184212, -0.15871459496606244, 0.9617065711424971, -0.00337393640861835, 0.9042423102256177, -0.5528275249341966, 0.31335766378386026], "Y": [-0.04039383309025023, -0.2136142236504879, 0.10049871504979903, -0.7583289106566478, -0.7841012074710167, 0.25409083195428894, -0.9676894754680578, -0.3330289447467122, 0.7621550327432719, 0.5236330182152132, -0.17459989140299803, 0.20269929742191858, -0.21180734556010763, -0.28215941722822785, 0.38225133886588336, -0.21349323879131668, 0.5622209029748815, -0.0825957088526588, 0.6788579507617906, -0.7794136273511634, 0.8059596659143157, 0.6587317224229227, 0.09952711134876474, -0.22781708211739973, 0.5151118365390114, -0.46023959225564226, -0.3554884432771572, 0.17475248073678826, -0.5683555365039554, 0.8369789713670215, 0.28384798319297355, 0.5039697318313131, 0.2087795529804054, -0.7773488616151546, -0.9649981067330894, -0.6878967153540312, -0.8585745730225743, 0.9712869268827763, 0.8332436913820268, -0.6001292890592593, -0.5787698480097866, -0.06017313068664211, -0.4678057009202045, 0.8179504332090044, 0.7497396953070113, 0.18562267328079857, 0.5114495581504009, 0.9108025015307133, -0.9627820676518202, -0.4233122128439469, -0.5749236484209099, -0.45347190789097175, -0.24809352517580546, -0.8684506236056958, 0.5427603488294567, 0.5519144275709974, 0.16893365823461723, 0.923647840375907, -0.5657957003721455, 0.6243961767369353, -0.6798307846906296, 0.09201809645544701, 0.9750620342769869, -0.17333515598940086, 0.16230025418728278, 0.33062479722153015, 0.3970973376347788, -0.028267000656258572, -0.8600542191659376], "Z": [-0.976548484860578, 0.9353932323232509, 0.18950817405590678, 0.3313530389667195, -0.616116639206407, -0.8359674126336353, 0.05703933961486294, 0.12559861425106356, 0.0984567727767052, -0.5097587741542019, -0.9657553223579123, 0.9702359628406741, -0.7763613631283623, 0.5221884404458043, -0.16822822536382612, -0.41704629571411117, 0.7755552849532842, 0.12149115541263465, -0.7166311519553704, -0.09354066046898818, 0.36495302778268807, 0.7411477916289216, -0.5867862805602485, 0.7100509300587001, 0.2756043493760008, -0.06785463829403549, -0.48347170113595767, -0.617664165353803, 0.8225306291382862, -0.32033569063206235, 0.9189522525142753, 0.666045311220996, -0.8915548581407606, 0.5445852395846623, -0.24248139749724135, -0.5342188557897251, 0.4932727271827014, 0.008501926683494764, -0.3828657996508835, -0.15146016468478704, 0.7013063965108269, -0.22054077480826972, -0.8663444042246228, 0.43900288239034363, -0.05585629096190323, 0.8158132289907708, 0.5234443273120557, 0.41068589005160916, 0.19696220548375115, 0.36959245250319134, -0.4977965938021582, 0.7535823231608881, -0.7963236580238268, -0.08948072199270131, -0.6388869349001157, -0.27019923154927744, 0.5677698836311169, -0.3827931918402216, -0.7724375689509029, -0.7319721460572719, 0.30807658387757836, 0.493246342041178, 0.03603061941580343, 0.9719900210613733, -0.2208599069819709, -0.9437562503185516, 0.15703359144211307, 0.8328161287757517, -0.40263347431974716]}