{"X": [0.5899307162750989, 0.1947959927882731, -0.9874674613185644, 0.44555839070723463, 0.22401588424445001, -0.07472466383861483, 0.8722721437597658, -0.4276811707370929, 0.5980952397658984, -0.778099947646526, 0.21204435089798632, -0.6015883887725703, 0.7146755507603478, -0.7627688397106352, -0.4163192355010281, 0.9018845930290548, 0.6022012597384045, 0.17468599129413923, 0.36477687259453184, 0.5854245773364707, 0.03858192400877159, -0.5178570735803726, -0.8406133955398154, 0.825266827791211, -0.9040307196173648, -0.1271987102498233, -0.6328150915293546, 0.7090141496712763, 0.5826637146410583, -0.09565354770950588, -0.2530381978611547, 0.8926620900655766, 0.9496098374681959, -0.4574251040494927, -0.2303403108379423, -0.5808774079892256, -0.24637766601899055, -0.18954423591110747, -0.5988382032909473, 0.9885414031600114, -0.009680111212639363, -0.8991084630939499, 0.3308039754765377, -0.5259420644752602, -0.7068963772561435, 0.45067650359584766, 0.2121792738469704, 0.4009308756071523, -0.12575732220998903, 0.29918304976200844, 0.6407990167487102, -0.8385392955617977, -0.5031978050469716, -0.7605881622333233, 0.7434610242759473, -0.21594585879939368, -0.9521849076917493, 0.26114824765456923, -0.19816192873862903, 0.022001314627466732, 0.8074682971845543, 0.15986907535384898, -0.33324056768923627], "Y": [0.7650129753201251, -0.4030982629676887, 0.07807866740850224, -0.6876850417446576, -0.7447275420258673, 0.3900992994504165, -0.48841459841651785, -0.003810729360753872, -0.3829093784579047, 0.36730682577644236, -0.36691713690772426, 0.7672591507768547, 0.06031158351488192, -0.6025004978546089, 0.6449762831514498, -0.2160548492092419, 0.5030283415527309, 0.52658610362324, 0.494716704729255, -0.7986192942457119, 0.029144732706949086, 0.8214634410719456, -0.09764170151265313, 0.0728603079280809, 0.32975324638660586, -0.05876856577207971, -0.5643293010728639, 0.4675243178074592, -0.2601075049762796, 0.9567348978409695, 0.3996085044084149, 0.3883359937889374, 0.21523436159994203, -0.666118615539479, -0.8311210792504388, -0.8015650374533025, -0.3990290504744907, 0.9656885798951339, 0.5300379248358738, -0.06924164197970205, -0.76559119306355, -0.4041165968938964, 0.0712346338121546, -0.22674220800014783, -0.31345107366372715, 0.15196570099444048, 0.8457715238271173, 0.8277303483880016, -0.9847704120633509, -0.9297141082176016, -0.6743654840618862, 0.5332886724247526, 0.22144346330665726, 0.12311766171164407, 0.6559065021411717, 0.7744460982883066, -0.16015643739316585, 0.9650731031363394, -0.5314212264174417, 0.760610310663629, -0.4181002026060141, -0.9521224305874965, -0.9068192542767083], "Z": [0.25833485554024316, 0.8941847189401433, -0.13715587677085486, 0.5732076446027461, -0.6286475735690763, -0.9177356706495069, -0.024341061488240636, 0.9039216196876191, -0.7040330191534724, -0.5095548716384799, -0.9057643224899566, 0.2222719191513016, -0.696851038629721, 0.2348975250006684, -0.6408462282981622, -0.3740648112159018, 0.6199323595072189, 0.8319806968412659, -0.7887922510281019, 0.13958970989616593, 0.998830325778719, -0.23879251731369341, -0.5327618767936909, 0.560023248156768, 0.2720133351245929, -0.9901347099197535, -0.5301674262752358, -0.5279393410464758, 0.7699656365680861, -0.2747885260774451, 0.8810702092498924, 0.22880023795379886, -0.22784934972541027, 0.5891080242341624, -0.5061433520542041, -0.14168601773006517, 0.8832179020855846, 0.1775346425151833, 0.6003770519556447, 0.1341323572237172, 0.6432545534626561, -0.1682074543762301, -0.9410070970798077, -0.8197395415171329, 0.6340709236680048, 0.8796573849106765, 0.4895410965720126, -0.39257725780075386, -0.12005136998448324, -0.21475842175862014, -0.366889375752234, -0.11160215796376341, -0.8353171622531548, 0.6374540680278018, -0.13058470749476123, 0.5946432770270014, 0.26018035499549885, 0.02086859721553749, -0.8236038672271814, -0.6488358016222912, 0.4161576259335957, 0.26058541002455154, 0.25812703097349204]}