{"X": [-0.6254945071241851, -0.14704698786493942, -0.8830986320411832, 0.4627654992958117, 0.1571078276769543, -0.1483642828365723, 0.7514426163806269, -0.337293828265398, -0.619347585555432, -0.4567332424289665, -0.15219877823041614, 0.7198262354406486, 0.9415658331514306, -0.6746577767773809, -0.9175286865080375, 0.8652365334695266, -0.7990265723660263, -0.34652588985068944, 0.8736201067780861, 0.33286944629493725, 0.11505484124544153, -0.44367523634011274, -0.046392210485486696, 0.75424870424183, -0.9677468538205224, -0.4956331208483124, -0.7665828310661585, 0.9623027389879802, 0.6812515466547957, 0.2800491353770023, 0.7545185057428659, 0.3930979729245557, 0.45832781549437424, -0.27896542396930357, 0.029043411029100196, -0.48930238363498935, 0.3334498632700531, -0.252235292859704, -0.7337915599415271, 0.303736593409309, -0.0009433832577805412, -0.9750012942798711, 0.05455809668251588, 0.5899129339653855, -0.5919976729927687, 0.40660415355941765, 0.19397508757622392, 0.4311433961525845, -0.12511960114202983, -0.4552456713529344, 0.5243022019742944, -0.8117862854323165, -0.37068874636876387, -0.023451788179011133, 0.7263295081821222, 0.9645831240798832, -0.7927234833135578, 0.07534470781146438, 0.5753835795650146], "Y": [0.36482193416913516, -0.19111752493980372, 0.05786943461747657, -0.777108310446255, -0.6343478134155918, 0.5882764300966477, -0.6551580399644188, 0.2791548320865572, -0.24675319809800875, 0.744347899169045, -0.32138769014040897, 0.0065602014730569095, 0.11240405330896142, -0.492910023306305, -0.15372783656507952, -0.373954568072856, -0.5952399519682436, -0.6737860659203114, -0.02423488400418376, -0.9429033827776659, 0.24354090310786616, 0.8945401590663172, 0.9302480329407312, 0.4701087981289557, 0.24091510829016194, 0.6024587828900387, -0.5009032899269452, -0.2510673602024026, -0.41769197168405825, 0.7234643803421773, 0.6559994390406644, 0.5563836872723418, 0.351358399930811, -0.5930774181937309, -0.9091839314297258, -0.8430588671780055, -0.20412724662080475, 0.89488214736371, 0.6440975426635194, -0.15967287927228324, -0.8899375915621925, -0.19667871769914796, 0.2182428066037856, 0.13231808532480432, -0.10880558102813563, 0.8410907479227767, -0.5957027448807665, 0.8791562616374037, -0.9920565862878149, -0.8340620154222449, -0.7681165856909575, 0.5242058081504585, 0.09688776097432715, 0.6992998408597855, 0.5234833443056152, 0.24503020400113512, 0.2577977294674209, 0.9931258320892516, -0.44076706708995655], "Z": [-0.6896822296583869, 0.970490224072727, -0.46560491258581516, 0.42655687369548406, -0.7569147786227233, -0.7949332559222401, 0.07811489587152295, 0.8990580921924893, -0.7453330983493632, -0.4871765083241927, -0.9346365521053526, -0.6941232992257045, -0.3175202523329312, 0.5494329742179472, 0.366754497859066, -0.33395167639507484, 0.0851230652281883, -0.6526347715490018, 0.4860047113252602, 0.011451745270323487, 0.9630421652344157, -0.05431563749191422, -0.3639867580231055, 0.45837387586038264, 0.0736609633253601, 0.6256126792487627, -0.4018042524102456, 0.1045878538704576, 0.6011902751801069, -0.6310085357193693, 0.019145768981328234, 0.7320595441764546, -0.8163840323905259, 0.7552731083907894, -0.4153806195596787, -0.22323737106868033, 0.9204038547682165, 0.3681892167971444, 0.21607476042656212, -0.9392809236053968, 0.4560813448854417, -0.10339225385295936, -0.9743682524857241, 0.7965517275333277, 0.7985612692262734, 0.35670634430429393, 0.7794305005202944, -0.20297694346344006, 0.012992883168363457, 0.3115957848626952, -0.36756511231531747, -0.2573155601306037, -0.9236896746683574, 0.7144436620228957, -0.4454330856352333, 0.09767085474927766, 0.5523855625237339, 0.0895782152190845, -0.688954373624167]}