{"X": [0.6070254278914367, 0.0461653237157091, -0.9388529659149082, 0.28549265766326654, -0.04916238224335262, -0.6078815360549465, 0.9389424696468835, -0.2820906948416253], "Y": [0.5427500144195592, 0.3380165515321315, 0.07665524961537568, -0.9580814511843205, -0.34007570802552445, -0.540548880063649, -0.07914674337712214, 0.9591223653646229], "Z": [-0.5804675285843185, 0.940007220066181, -0.3356770488120757, -0.023955694874311408, -0.9391121194953757, 0.5816244031893898, 0.3348474752871926, 0.022563868044724062]}