{"X": [0.210413359194681, 0.28248386972518674, -0.9936220649005719, 0.4391520078297991, 0.29902931431405727, -0.2105694977896428, -0.1488175049987269, -0.8340802502383051, -0.19238718473352695, -0.5910023376936255, 0.3016919072743514, 0.568295290119223, 0.6692425099145719, -0.7784023273582935, 0.872268307908095, 0.5781737521475395, -0.18742991022108482, 0.15215284174533983, 0.16185835629756226, 0.9284357018377923, 0.30720942638981047, -0.5860238636979198, -0.9247495355658678, -0.7796578602262925, -0.8419224636438564, 0.9270767028732709, -0.5912261349746437, 0.8438382184974708, 0.2243055211997032, 0.1734936033529607, -0.18750976015689885, 0.788294356934455, 0.6526260575344462, -0.31736991636150563, 0.28508141643690654, -0.5252947196085838, -0.13061987185655255, 0.5953135774359857, -0.5279655979341592, 0.5198661992744187, -0.026331204654782683, -0.9453296306487202, -0.17263013252474152, 0.1892602178867976, -0.48648711610441525, 0.68108234939836, -0.6189409473900441, -0.7013254070414943, -0.13001830813928686, 0.5915302057952592, 0.6931503727656536, -0.8806551278432615, -0.4341729170592172, -0.5425967963177741, 0.44457365056692993, 0.8859834516845024, -0.8592401175693527, -0.6267762093449716, 0.14265430704697116, -0.25305388917160665, -0.4453138421823216, -0.277544532554642, 0.581273837952481, -0.10604046000611286, 0.993898889589305, 0.04457519013479589, 0.8408448238103206], "Y": [0.7686105107340019, -0.4678438090796424, 0.1088860809132309, -0.7300696900206602, -0.7768876232555907, 0.5386549829249735, -0.8650175225680304, -0.5330955552876887, 0.9801623597423299, 0.5259391867345585, -0.1169562382319586, 0.5048507107151083, 0.008855809207689762, -0.2544306587236309, 0.35667652270596506, -0.4308730551422226, 0.5704300427749386, -0.9471172261468371, 0.9322580781417125, -0.08205962970926814, -0.03825784556521097, 0.5971443761854489, -0.1702949631915999, 0.12193210973219037, 0.5132674015678345, -0.37339795583630286, -0.6471438671102764, 0.28794703915349856, 0.3929820931756327, 0.6957724245395763, 0.8735091279005226, -0.5131735562276917, -0.3076856044060534, -0.8826884594128122, -0.9427683848541426, -0.8466814970749993, 0.12893029474918627, 0.7463574265574308, 0.8293884085923371, 0.8467498888581463, -0.7448149638090775, -0.26984166616274285, -0.1831354822498147, 0.9644556726454325, -0.15351811918750027, 0.11225479263376119, 0.7522574405003668, -0.6445297395049759, -0.989647415182648, -0.8015310971739191, -0.6475992671346221, 0.3843525535823343, 0.14732861437798075, 0.25835665024527266, 0.3645958745184158, -0.19553282726485308, 0.17495509507324367, -0.27496905278536693, -0.5136344835178525, 0.8398708663767162, -0.5777144975464553, -0.5677943654485208, 0.6468556351528633, -0.3362624559919388, 0.0939788803318678, 0.23482512000926095, 0.5360974849139213], "Z": [0.6041225877763776, 0.8374515112237454, 0.02930893253056501, 0.5235873964604126, -0.5541002526737778, -0.8157887569528736, -0.47916389247962016, -0.14184239526642695, -0.04763317850674395, -0.6116405878435972, -0.946204645636341, 0.6497431978241544, -0.7429912769114597, 0.5738944647447399, 0.33455919830357417, -0.6928661650564579, 0.7996746807635576, 0.28252163224209714, -0.3235687689443657, 0.36231666360373754, 0.9508726021870396, 0.5477176509540779, -0.3403497054241171, -0.6142199781866559, 0.16650267174932268, -0.033207733540481614, -0.48130704605740127, -0.4527952778527493, 0.8917690887234363, -0.6969940479271863, 0.44924591630906424, 0.3394774042759226, 0.6923935281820067, 0.3466084531688853, -0.17296346007708868, -0.08482865118683397, 0.9830134425184968, 0.29757744595808716, 0.1826668965376488, -0.11293254876556856, 0.6667513309679335, 0.18313209609478345, -0.9678120853169887, 0.1844066848774417, 0.8600944558276967, 0.7235507548671081, -0.22587794681144033, 0.30450630261413375, -0.06077197685530131, 0.08740661242143868, -0.31647709228558074, -0.27698314092757986, -0.888700263012088, 0.7992750201900031, -0.8181834253428415, -0.42047620242176403, 0.48072563387790884, -0.7290703693125008, -0.8460669985422535, -0.4801881474867415, 0.6840625273214906, -0.7749700581402723, -0.49365829536530503, 0.9357793444674667, -0.057731857104334434, -0.9710150438778397, -0.07469584285861627]}