{"X": [0.6745712232613155, -0.3286402160137245, -0.4747223370280418, 0.37026144335121425, -0.33410500568454443, -0.984552278313308, 0.6084212684328258, 0.29874480402694603, 0.5650618810298184, -0.810200963591621, 0.26398205116193596, 0.9466671384853333, 0.7748653368627907, 0.2025954481762776, -0.4989834904659103, 0.8249736054083536, -0.8427600262882279, 0.3409056163369647, -0.40240065569515643, -0.05298345953203834, 0.1445535025440226, -0.8834377083212374, 0.0049102605408857854, 0.6948623332073517, -0.7457566969937237, -0.24811937195651682, -0.6513108822186303, 0.9572422520680903, 0.11375893681696986, 0.10140847248677803, -0.21310334118289473, -0.35561458055040585, 0.6491731008385789, -0.7109632014786531], "Y": [0.6681305530432367, -0.3969398806654892, 0.6433667527412286, -0.9074263420970455, -0.5235089240170443, -0.16540952395201855, -0.7391963361498501, 0.5357458936496492, 0.7803431066454349, -0.20128118622688335, -0.5897569417099301, -0.3212272270762733, -0.220310170701089, -0.03724634086348977, 0.8664446145259965, 0.12935377441579676, 0.45070340584892277, -0.0941109762541922, 0.11140006342990115, -0.9415224626865311, -0.6759522232863416, 0.3532684617598212, 0.9473249166918607, -0.4766957116465474, 0.018732142003230215, -0.9288861594947346, -0.7239356627933722, 0.2679473950478551, 0.947501093983535, 0.5675750347135904, 0.20331377354011923, 0.6908843407078435, 0.3441829040163954, -0.5780185447769344], "Z": [0.313935071054305, 0.8569914466059273, -0.6005979721859218, 0.19870555411424967, -0.7837807420771751, 0.05741516048955378, -0.2888119400946386, 0.7897644455813647, -0.2678986870404458, -0.5505091122463893, -0.7632170244231239, 0.025187248696095788, -0.5924923108481419, -0.9785539302820945, 0.017006063664297057, 0.5501692025403903, 0.29431611924399714, 0.9353750503933688, -0.9086604086037436, -0.3327584788892791, 0.7226291419092555, -0.3077973512588598, -0.3202364619405165, 0.538449195734776, 0.6659549952849532, 0.274967779856161, -0.227401167190299, -0.10904799100707638, 0.29883202839434264, -0.8170525697149266, 0.9556413948053758, 0.6294577808436775, -0.6783158657516903, 0.4005320062581505]}