{"X": [0.555991687751327, -0.25839878056983534, -0.31596681897017614, 0.1624005318610721, -0.2622800089432647, -0.998717266332399, 0.326021656073468, -0.5728092064689483, -0.11306122236595789, -0.7565960704753772, 0.2950941050905874, 0.8866437513220986, 0.8378727483369832, 0.7231628054304594, -0.8083149111520841, 0.9764033346143605, 0.3482365349103175, 0.24042326509270245, -0.3663692795665891, -0.2904292323706801, -0.29111701824561914, -0.7595519639540064, -0.035722678423938274, 0.6879294373852498, -0.7772671088774691, 0.6092164984934013, -0.7314533501438993, 0.578308487858491, 0.11420955950829777], "Y": [0.7274947663509339, -0.7279645479606939, 0.8999217930018979, -0.9694787073133692, -0.5505794258726352, 0.029960591239134415, -0.7387592938404625, 0.47762679092424815, 0.9266035701989305, 0.3846630332330283, -0.12477990937187866, 0.4519479516627459, -0.16471528703315563, -0.6814040217793003, -0.34028831125738945, -0.11487796762283276, 0.9104265959850217, -0.32135363392658006, 0.06581882425877997, -0.9216474320036511, -0.03819366959153668, 0.64298854080691, 0.5986850904332199, 0.14238311695793285, -0.2094020376816592, -0.5979320783290368, -0.6702848771097839, 0.4392200278619535, 0.489110639262804], "Z": [0.402025631127458, 0.6350572313676969, -0.30050912763195275, 0.18367662703033152, -0.792509616796213, 0.04081892823361965, -0.5898682781227135, 0.6661548330349473, 0.3586404657755607, -0.5287690772021225, -0.9472853019855905, -0.09800973027880862, -0.5204211100751156, -0.11280122315357378, -0.4804486128929844, 0.18286492476361987, -0.2232817258012421, 0.915930398864644, -0.9281386929565271, -0.25732639208921637, 0.9559247487594996, 0.09821685417794805, -0.8001875109867608, 0.7116741790905141, 0.5933014647479218, 0.5208958510763533, 0.12527641470439832, -0.6874918617669379, 0.8647120671511712]}