{"X": [0.6392420375685819, -0.25132557708615766, -0.9126672970120306, -0.0031435988198470293, -0.21887168786903946, 0.21560401078583252, 0.597252738469088, -0.24328077057617015, -0.5941090598560984, 0.914719938031151, 0.2527646303904575, 0.24899395204077124, -0.6427338300905934, 0.86408803516742, -0.8665335133760493], "Y": [-0.47152432491310947, 0.08592595387481294, 0.28927131561606756, -0.9886607178215087, -0.38910132423664273, -0.638550483910751, 0.3981017822190896, 0.8484921012667896, 0.5905590569617262, 0.3562627608341732, 0.36668789615024816, 0.9482305038118773, -0.6266237509148966, -0.4346899206771115, -0.33438083644725675], "Z": [-0.6074820395866896, 0.9640810052858698, 0.2887222037296464, -0.15013361656577534, -0.8948158155322518, 0.7387612537419708, 0.6962787784969179, 0.4699740639181411, -0.5461450587869303, -0.19069420602393794, -0.8953491098116311, -0.197131741451729, 0.44072201947080153, 0.2537647342367216, -0.37055246108073986]}