{"X": [0.6425432299895756, -0.010604107084738934, -0.9804580760084158, -0.3838992748662663, 0.23266025816656702, -0.5523132384352603, 0.827122505331775, -0.579205567629721, 0.8461263400526273, -0.7843521459914296, 0.05064166380837241, 0.32419517382813173, -0.386923072534385, -0.7978283143265221, -0.12483931038926145, 0.6792576014073023, 0.14976391956550286, -0.2345393769011721, 0.11364914053711941, 0.42050291401029116, 0.45705956382780033, -0.6185186076316495, -0.32715405134655273, -0.48778070748374097, -0.8418428692316636, -0.15674893403056753, -0.7391491188130993, 0.2849215504976765, 0.9081261687161817, 0.5589844586225573, -0.13195150613420237, 0.8989883046526247, 0.9932848313450284, -0.7278886752372974, 0.5709665299076949, -0.6525432384024726, 0.6150403673275933, -0.14132329151411052, -0.8680910661240995, -0.11695019703300372, 0.2035216663039226, -0.9414514517232919, 0.3057639239012046, -0.2661383163186224, -0.7605041855918425, 0.597057933144662, 0.3086576140308254, 0.33537793951506545, 0.08206839641755945, -0.03873174980576688, 0.8455003035399367, -0.46659272770418253, -0.5105006365743298, -0.29939295973887453, 0.6906653278849938, 0.7158814379790622, -0.9550853351455448, 0.1621905728380988, 0.5455482998938331, -0.4126982669669932, 0.9256354095071991], "Y": [0.22779956157476544, -0.2581377202914951, 0.17884115401223596, -0.9229958248892572, -0.874729430365302, 0.48990146665740414, -0.5314571062300265, 0.5215600738138482, -0.13160568993200075, 0.5672236561874767, -0.6295132549394594, 0.17056890634985464, -0.4990095726758176, -0.595634254374104, 0.3225243101461749, -0.13134574173609118, 0.17094490995207004, -0.856930146526728, 0.9192903218938422, -0.8497451313410497, -0.1860892805816059, 0.7753247193922668, 0.20460559627953365, -0.7838534763113492, 0.1545665938839438, 0.7122699680315235, -0.2852124421611113, 0.5977812306970947, 0.37474243293441467, 0.7316108920718187, 0.5961377324145457, 0.31074738504753857, -0.09147988903127935, -0.4168435196850679, -0.8122718147872844, -0.6710356063876883, -0.5237230301264277, 0.9894958347571564, 0.4069040492168491, -0.15783988570116508, -0.634145258911284, -0.2710552612722357, -0.29070692677243115, -0.6114860433386654, 0.0885235294799023, 0.6574403551574026, 0.5438658590561977, 0.9413315409695016, -0.9964722826394194, -0.9065974960930319, -0.45408928635872653, -0.21199857004421183, 0.04276604270686355, 0.8473293980589384, 0.34475670003031056, 0.6970555954370754, -0.12662296730522601, 0.8749856078846019, -0.5832415611160455, 0.8527856661627289, -0.019643122896414896], "Z": [0.7316047822020494, 0.9660499315644328, -0.08196220361512394, -0.026458533484573308, -0.42510896005925436, -0.6744973236537559, 0.18281604254357522, 0.6264950118157574, 0.5164786143168639, -0.2510956688992274, -0.7753376578899334, -0.9304857534928529, -0.7754224540974095, 0.09321918190536384, -0.9382927133609573, -0.7220508341233286, 0.973831918843214, -0.4589793074382444, -0.37681451262854815, 0.31797879028488063, 0.8697513062744783, 0.12769616874718168, 0.9225544843848702, 0.3842443351323145, -0.5171167678377063, -0.6841792632933661, -0.6101741087544713, -0.7493178966822205, -0.18674841539157738, -0.39023310677122763, 0.7919650270185921, 0.3086358546635771, 0.07082848101366888, 0.5444442639589996, -0.11921292139418892, -0.3519922399359416, 0.5894400175359084, 0.03042565157651983, 0.2843360611080778, -0.9805147739304008, 0.7459482032589229, -0.20049491111932602, -0.9066410014813289, 0.7451544909541328, 0.6432705250714581, 0.45966727518884004, 0.7803463363493561, 0.03763731742051974, -0.017543324680212385, 0.42021522061299604, -0.2809486727644353, 0.8586896020989077, -0.8588132309462861, 0.43863053569476207, -0.6357076550126833, 0.040339355806636605, 0.2679153350234773, 0.4561736556151211, -0.6018358030807625, -0.3200574136461005, -0.3779063857482646]}