{"X": [0.7329427171660423, -0.5700379142829805, -0.6849132781678987, 0.17208811416651848, 0.47204859736548227, -0.08852573645496839, 0.6600314346029275, -0.21687407053322935, -0.15755924451103198, -0.9059356886366672, -0.5488412901932215, 0.3339554466870726, 0.966523328169795, 0.7275186901690521, -0.7361607131777168, 0.24292014643338705, -0.825813361684198, 0.9577000442523653, 0.7070835481915133, -0.3252710924783416, 0.11311481612731049, 0.4547874089128098, -0.5390871339967661, -0.5577391468963624, -0.8103894463036612, 0.7123271803265252, -0.6862823637859423, 0.5116186122289146, 0.5352117545817319, 0.2265485402852847, -0.3817270035828265, 0.2748291227784288, 0.8849885413377421, -0.3229103358079036, -0.4152766484339477, -0.2141275209411235, -0.12111389540297028, 0.05042567018856553, -0.9168856180929452, 0.35263813983671066, 0.11090856477815923, -0.9802035398572604, -0.04660341661635093, 0.8508894421451774], "Y": [0.6549952880588067, 0.39553575997580953, 0.7057553697157395, -0.9660508419486383, -0.2858864593249993, 0.35763743469753123, -0.7413476383938301, 0.870796334473727, 0.9843486401822601, 0.22005413907117935, -0.02450308555363051, -0.8877802344778201, 0.24723520073615887, -0.5395669518702843, -0.5575795985162443, -0.7196145558588646, -0.3096658651953904, -0.2864721876859548, 0.563900163226058, -0.8996701827760576, -0.2972572199322247, 0.24824351912236436, 0.4978805790728497, 0.7600724571284364, -0.0782874678682814, -0.4333815009980846, -0.7130780408257296, 0.5029241854866049, -0.021461324716619597, 0.7138263198445441, -0.06363891691202608, 0.8790010884267893, 0.1221511909266484, -0.5837786252076553, -0.5862379509374918, -0.9350027483455154, 0.7153644348937654, 0.28862694903435576, 0.339514157481096, 0.9211476587703106, -0.6708794549845579, -0.19394726856821753, -0.18414809511732108, -0.003956735902085328], "Z": [0.18378287726015125, 0.7201445958002243, -0.181116425281371, 0.19269523017692522, -0.8339298856018391, -0.929655129221624, 0.12149972997456537, -0.4412248648903061, 0.07894833146082389, -0.36174121127133113, -0.8355673742897048, -0.31673334983633256, -0.06861057950880611, -0.423773595100163, 0.3836305458278045, 0.6504957290042965, -0.47131660653602514, 0.02728206226516939, -0.42667254632859297, 0.2911911376083434, 0.9480734062142285, -0.8553032023254191, -0.6793379063038045, 0.33349198481231784, 0.5806375958327348, 0.5520601984935241, -0.14330465745578044, 0.6966445716960655, 0.8444452553593703, -0.6626671441921663, 0.9220816574414333, 0.38964861069604634, 0.4493043158663147, 0.7449371998894181, -0.6956079140910332, -0.282699956423664, 0.68817523177563, 0.9561128260185372, 0.20988306316665853, -0.16472198722234904, -0.7332257818288113, 0.039818054525853575, -0.9817930538684541, -0.5253298977660324]}