{"X": [0.2470932846983268, -0.3104091923467396, -0.4572098677749871, 0.7767961937212209, 0.13547221097312112, -0.22282353856624695, 0.4960101394203551, -0.5368390532577167, 0.4724283723025899, -0.7518195544242636, -0.4027612015243968, -0.017053418846299444, 0.9765078454056781, 0.5263625194129508, -0.028732997693187323, 0.3801237029514639, 0.6120188584976073, 0.7374627907771567, 0.05740407225429604, -0.45751347098465467, 0.21758866360014542, -0.9129430154181487, -0.8205401568039288, 0.7073894548310076, -0.7735397384536916, 0.7388712947585366, -0.7402852826868455, 0.9498433871818939, 0.39885006971770687, 0.5986599380165538, -0.3617218188905814, -0.9575125190102195, -0.13017549217548643, -0.12969949563768443, 0.031660585547501105, -0.32713213678085806, 0.1222136950987625, -0.2584471151267258, -0.6089399048657409, 0.29190017113171435, 0.8485651657602878, -0.9627442791625375, 0.3002999624513951, 0.8771963427471202, -0.6450953087029669, -0.6941237802084118], "Y": [-0.93034745703444, -0.2828416237002374, 0.5461399869444243, 0.6137373985107903, -0.2937620930415791, 0.13006819509307235, -0.8364525371086461, 0.8296753093081709, 0.8624662113996345, 0.5986264346267949, -0.4010850523049827, -0.9808684571147517, -0.09440201548808845, -0.5319861203287438, 0.9855255753405642, -0.6282709657416531, 0.1888636975501867, -0.6397357377425301, 0.6525721210623373, -0.7863841790820679, -0.20586580401456545, 0.3509705566698792, -0.3825571809904198, -0.04597391696634563, -0.013577400005238747, -0.26660292808315544, -0.6718468639934951, 0.1488373377106691, 0.6666359275732833, 0.5110800044364303, 0.22800993481715898, 0.11022657404446688, 0.7547401039983517, -0.7208003091902232, -0.7448526146901051, -0.9172235497512715, 0.32302230678224814, 0.9065503674511592, 0.5397587154841559, 0.8974204549015895, 0.40421555550218147, -0.21464660410307637, 0.20599271830663987, -0.4028808485326555, -0.5366601425729258, 0.06749560795911112], "Z": [0.2709216083049536, 0.90754986045355, -0.7019189778525173, -0.14111725298286723, -0.9462299470772868, -0.9661428130903044, -0.2330688626923571, 0.1531101303694484, 0.1815584402815981, -0.27643036980641866, -0.8227479537283174, -0.19392331149962164, 0.1937025744097041, -0.6632746534693019, 0.16707410090499758, 0.6788089304513589, 0.7679605592678296, 0.21653364189933247, -0.7555490714049126, -0.4150678821072472, 0.9540830384249263, 0.20821796020049105, -0.42469265868960715, -0.7053272702459912, 0.6336023415692941, 0.6188635459609266, 0.024484517135596493, -0.27503633710843983, 0.6296944989077549, -0.6167686014051578, 0.903973890863649, -0.2664955502689, 0.6429787839839098, 0.6809001065520618, -0.66647744876485, 0.2273445070083437, 0.9384670489960645, -0.3337237180016445, 0.5812509968344112, -0.3308032908202396, 0.3413897247256837, 0.16446971844939576, -0.931336100747916, -0.2611773308629298, 0.5439190510204904, -0.7166843940364647]}