{"X": [0.5969715005838548, -0.20412315347729007, -0.9781373941812622, 0.47100506410232135, -0.30302089240014635, -0.5971692009331703, 0.8008876473842066, -0.29376182454226235, -0.22378587205584025, 0.7309374678133339], "Y": [0.7759693053092749, -0.13530592889006404, 0.20776008666795542, -0.8667052674334493, -0.5236382616666562, -0.7756230184278973, 0.08690578149089084, 0.5720495741202565, 0.846672177814543, -0.18773998837043573], "Z": [-0.203707301559129, 0.9695494024657453, 0.009109582428065099, 0.16424435756847566, -0.7962294328192986, 0.20444529522989005, 0.5924747770250209, -0.7658089025275393, 0.48276920653971495, -0.6561128827521224]}