{"X": [-0.41851096700432583, -0.38861568079857434, -0.7858113810794568, 0.11786045215662752, 0.5504390059448475, -0.03195507804745661, 0.6155778204993124, -0.44786818438260045, 0.7960666543320277, -0.7964619687328557, 0.42837102405163435, 0.706774608237508, 0.9860412963283434, 0.6874507171262846, -0.48454255105379374, -0.39899248360927775, 0.24589462303599552, 0.910187868006176, -0.7416999926143144, 0.4016729623232355, 0.5274035681592818, -0.006469040286999057, -0.3784853616285255, 0.07591237031452683, -0.9470386421288831, 0.8118031278885017, -0.7316399598778223, 0.1366486783478227, 0.3770190027220851, 0.6285047655548897, -0.10677085962360132, 0.09801991435949323, 0.2783472815536864, -0.6669981752612738, -0.06944122389203106, -0.528139377222611, 0.48475122229274464, 0.06007027830335144, -0.9525366208762381, -0.1785139597194806, -0.15669974039963136, -0.8392131399361243, -0.42045612922083175, 0.38713984594566314, -0.7126050648994771, 0.9019947958611129, -0.9653117836020753, 0.3546421607558915, -0.24635904163122893, 0.7798300773384127, 0.9117884132337016, -0.6539690419131587, -0.20367772439679283], "Y": [0.8607902107855729, -0.1346957801289079, 0.51257229373244, -0.8722041427016567, -0.44608327755746735, 0.421832825804718, -0.6855700880527826, 0.543332821126963, 0.6003637595049834, 0.37264867432527987, 0.42547775398199056, 0.0450610096793976, 0.08468238944017194, -0.6711307218735892, 0.2708707886621924, -0.8144974325388936, -0.8503315437650372, 0.27824926328908534, -0.11297527758360594, -0.9153821221041045, 0.0016730772782172013, 0.7482601455679426, 0.7097412991271836, -0.5410200750765521, -0.061608673036502824, -0.21835273835824162, -0.561918392868674, 0.8098554595569691, -0.5116707964915241, 0.6501323495692738, 0.2922121007415257, -0.1560137403712465, -0.05677603711916228, -0.4247627807813638, -0.9975821551167203, -0.8476669825640416, 0.7631023632988848, 0.9697812199596382, 0.3023186627188811, 0.96356066864264, -0.579992717413331, -0.5230217503189688, -0.4813784235243729, 0.9158050702286621, 0.1292186398471033, -0.42067442920530884, -0.1531361586426717, 0.44858715902576185, -0.8427238583879294, 0.3341893775769716, -0.22054034890011362, 0.7427678797462326, -0.09654424504113718], "Z": [0.28963560470500377, 0.911501453346579, 0.3460781950135863, 0.4747302889762813, -0.705710004334667, -0.9061103354782944, 0.38866129377211733, 0.7100729081608793, 0.07642799312852987, -0.47621560021254594, -0.7971618070501089, -0.7060022369351181, 0.14335778616393008, -0.2774798473402928, -0.8317737264832328, 0.42118752404463566, -0.46526562310163705, -0.30681491556548113, -0.6611487787259637, 0.027099850011816317, 0.8496132514887459, 0.6633738810598487, -0.5941515962666277, -0.837576617628138, 0.3151542189490136, 0.5415697214596681, -0.3859413023580986, -0.5704921325763956, 0.7720425296602345, -0.4269773854881884, 0.950374700692028, 0.9828793462090508, -0.9588009556006485, 0.6121192810727449, -0.0027857166145992887, -0.05029398470677607, 0.4274237190579704, 0.2364655304228374, -0.035740901800951914, -0.19920743969596147, 0.7994083056274734, 0.14889444063440885, -0.7690848176669624, -0.10688223905141349, 0.6895625893243316, 0.09715149433877435, -0.21147689555870403, 0.8203648569822992, -0.4786686966058084, 0.529322690230715, -0.3464157098051194, -0.14359794231280523, -0.9742661819718372]}