{"X": [0.5228725297784991, -0.16320885997189638, -0.7334582116833482, 0.4390190362488036, -0.2700208210297154, -0.3620269128762615, 0.162938386934063, 0.16076602032706389, -0.5359025901275672, -0.7464508139163797, 0.20845560132458957, 0.9691581437708722, 0.9467915170443938, 0.6405429409830737, -0.005374485941999426, 0.6237533524534261, -0.6918691391793069, -0.9834247349379273, 0.4067481789726103, -0.4410810067273327, 0.11129083596127312, -0.39048783100017814, -0.20488367763759674, 0.3669170959059082, -0.9169534190184836, 0.06674494106685154, -0.8531951930777505, 0.8692310993222587, 0.40976020659821266, 0.17750640285136332, -0.5003538187310601, 0.6857792093421696, 0.6894154960092178, -0.6417089876255564, -0.07023733732802499, -0.4548004146676264, 0.840075642175787, -0.194110118318716, -0.86767248492668, 0.729454221460709], "Y": [0.8522920654695916, -0.4986325154122962, 0.3921157039162869, -0.8583318763304166, -0.40434008738877714, 0.17025872937492087, -0.7324781179213128, 0.8670885948339168, 0.8180444837354125, -0.23761878389763302, -0.15216480892611703, 0.08491923590439422, -0.18286402942944188, -0.7277644467311871, 0.9919159675267196, -0.37544038460530915, 0.4103650830014303, 0.021776280961921538, 0.7457749690197373, -0.7627393007468731, -0.026536931833689048, 0.8492559506484499, 0.72599250783435, 0.44462077701490993, -0.08746712027494721, -0.9838970963974772, -0.5165805776743252, 0.4439527597467623, -0.5267274439144628, 0.3919616657601803, -0.04632545185221354, -0.03562465668610905, 0.20425676632349374, -0.5607340729030585, -0.8806251290408356, -0.887234728563847, -0.4618236338876341, 0.4985697146084715, 0.4905690594908655, 0.5422208792686376], "Z": [0.014232102466250573, 0.8513098628585717, -0.5552335782862016, 0.2655723552749386, -0.8738408607640606, -0.9164870317821859, -0.6610044544704498, 0.47149936947692916, -0.2088339927421475, -0.6215693814390993, -0.9661222144226278, 0.23134652739129588, -0.26485197751499573, -0.24507886655279662, -0.12678260238057543, -0.6855481550631797, 0.5940686769259208, -0.18000440077880062, -0.5276131295618743, -0.4729442933375701, 0.9934335111520525, 0.3553640163676876, -0.6564735769290984, 0.8171194584506186, 0.3892890060368022, -0.16580596051588706, -0.0721281448443024, -0.2175850249540427, 0.7447514839971296, -0.9026945937144379, 0.8645808282583727, 0.726937246170552, -0.6949715442184908, 0.523246476037948, 0.4685788071892295, 0.0772730175960004, 0.28459066500108515, 0.8448369674922621, 0.0805385421485149, 0.41700486433409456]}