{"X": [0.5740254536782201, 0.05127435559809477, -0.9604293497128941, 0.26527705411977787, -0.2686022105202293, -0.45797474063867216, 0.6255747697040163, -0.7905896704908378, 0.6670800268599415, -0.6075469367700524, 0.07488649220587218, 0.46211295750832615, 0.8645327060477336, -0.9814620954285291, -0.7751034946266531, 0.9828723310352678, 0.17832852479105085, 0.8585263977572188, -0.07739783987579182, 0.3947740472552255, -0.11838128696734855, -0.4398558307571046, -0.3918603737859486, 0.18502453329502536, -0.8172685685554487, 0.8092192518758826, -0.8333026972079813, 0.5976405708027931, 0.19410170001592222, 0.317763478263636, -0.8880646409995201, 0.3483678586486401, 0.5802321997081273, -0.3356655265311427, -0.15247033097022067, -0.5577760931778251, 0.3561428464540614, -0.5288063904552261, -0.7493074009326983, 0.23519046903398058, 0.07704154742714503, -0.8569458989595075, -0.26036905919438225, 0.9388463896968353, -0.5011462856455109, 0.511440086723855, 0.18452333165209298, -0.032948058142118535, -0.20136994912568618, 0.8154399771261813, 0.573724318085236, -0.947690780498928, -0.5966281108192831, -0.3952274726245476, 0.7012018028098617, 0.7296769018006286, -0.7355209133002525, -0.04367589041080694, 0.47198119342317935, -0.4570493134292577, -0.5999869116456994, 0.7468624168440059, 0.321270067915467, -0.220546778191155, -0.17146186457270562, -0.16628456327954397, 0.9582828567770729, -0.6287257455907753, 0.8746308856415694, 0.012730431211575965], "Y": [0.592112455352388, 0.03936761863816789, 0.26791910419808, -0.9125119060072451, -0.6327949638774938, 0.4738604135001271, -0.7612761829199607, -0.6123277985569825, 0.7359288640591425, 0.07974861125369369, -0.4543050311234143, -0.10984278692317559, 0.17123054404672453, -0.18669557447399635, 0.43524484972603267, -0.1286550906203529, 0.6894141287315184, 0.40961961282708587, 0.6866285297840659, -0.8996408455840408, 0.4494333731565772, -0.8979530529171025, 0.9184097347626715, -0.7777852074273623, 0.4673088998696117, -0.2584045853768072, -0.39755264675302937, 0.45326495600413874, -0.4197376120002271, 0.8863226811972124, 0.018819922345863088, 0.9284058487229828, 0.048908600717991565, -0.6278725654535872, -0.9077846046610208, -0.7254752953611437, 0.3278922087126541, 0.7858599119164666, 0.6580573797730218, 0.41089630113101344, -0.7455740446113113, -0.3573134661868111, -0.17978061428892886, 0.3317509448919338, 0.5251358365290845, -0.6178771995108543, -0.02983793458249294, 0.989948753325982, -0.9116318949719069, -0.5529832906721306, -0.6538109423808476, 0.05337861825423984, -0.3478729513166076, 0.10694210342818863, 0.6473931846481794, 0.17434714122380268, 0.14036777154398666, 0.9392269622869451, -0.372007309626498, 0.7700318067599699, -0.7031859779811355, -0.2679410321942471, 0.7713049893546614, -0.29588423476126313, 0.8284140228668402, 0.24806272325209186, 0.00047731179754562927, -0.28424759103301744, -0.42246488149398387, -0.999619747987847], "Z": [0.5655949246113156, 0.9979083780892712, -0.07612370074928053, 0.3113681196791948, -0.7262392072829225, -0.7521405755937048, 0.17063053896820943, -0.004758153796174863, 0.11581426859053183, -0.7902701301608416, -0.8876930505422769, 0.8799921457966872, -0.47250746127362475, -0.04332340832466006, -0.4580136388848191, -0.13194638510686044, 0.7020734266095028, 0.3084545301035499, -0.7228767782057558, -0.18654704653400758, 0.8854352116270592, -0.014393154825568967, -0.05448859100303571, -0.600679692670006, 0.3371861191597024, -0.5276279680320951, -0.3841334506204381, -0.6613445605651249, 0.8866481078326822, 0.33683597889355626, -0.45933321666224985, -0.129237823865612, -0.8129812686634766, 0.7022141381724677, -0.390742766681951, -0.4032014703593524, 0.8750136983985658, 0.3206056772054392, -0.07415459415133786, -0.8808232927167785, 0.6619546389081062, 0.3714442261471405, -0.9486236786735441, -0.09224297868416372, 0.6878115683649167, 0.5972075049901162, -0.9823751003236303, 0.13753505463334717, 0.35829796491055965, -0.1710763687417839, -0.49332713128379524, 0.31469494382751195, -0.7232007377778915, 0.912336906738496, -0.2986605032596183, 0.6611918733058684, 0.662801535008586, -0.3405071657249822, -0.7992773702784826, -0.44514822438354273, 0.38150384824346134, 0.6086083581192524, -0.5494307571097535, 0.9294146750774077, 0.533227002049624, -0.9543659305254393, 0.28582116538251656, 0.7238143711085394, 0.23779032315491325, -0.024460080823261416]}