{"X": [0.3034259028467346, -0.002001144683785694, -0.8444344414605806, 0.36000430121042915, 0.6654322568228321, -0.6819520557594888, 0.9339400747114797, -0.2519860353640605, -0.48242899603009415], "Y": [0.906932798650637, -0.05307347314924708, 0.46469605459896995, -0.9321103403426829, 0.027893726414535205, -0.657998144689123, -0.035442121362160864, 0.6934421785744836, -0.41434081146842183], "Z": [0.2922423997529569, 0.9985886049158735, 0.2664358288881365, -0.039588085786489174, -0.7459368951904604, 0.31934281772270884, 0.3556680937071326, -0.6750118391223792, -0.7717408604843244]}