{"X": [0.1826259224096441, -0.27617366728093184, -0.8481384508813303, -0.3140909650909015, 0.4991520444876625, -0.40364695210376866, 0.8605184999891154, -0.7024732981594308, 0.32938081296669613, -0.7739838177768097, 0.4150740379450157, -0.5397671119959537, 0.26801112988296116, 0.9890999558857241, -0.9236576749730978, 0.13800777594736394, 0.7108623215325529, 0.042051476756988226, 0.15515700992060816, 0.5538549643434515, 0.26637736060906086, -0.5366887547979806, -0.07395163915952122, 0.7836953943480586, -0.98859652020751, 0.9346223310443472, -0.8264238832246682, 0.8002982975610762, 0.6885655113302015, 0.5614663368692284, -0.41825485301514237, 0.4618143079647306, 0.7024716523685458, -0.644973026032543, -0.19849976276415657, -0.6297858031105279, 0.6103662139288673, -0.10634582427213016, -0.8055888134948775, 0.31339616099308143, 0.3455482057189139, -0.9373120230856175, -0.050391851415435264, 0.919980912777822, -0.24518998377630427, -0.12984802311770438, 0.6533083885065667, 0.33773529990970425, -0.06466651169863236, -0.49888980329510463, 0.13410496421760443, -0.8296038110424854, -0.15379081927575178, -0.08860799401956274, 0.8816111592746636, -0.41986472014063436, -0.6069569118408058, -0.5057641851431555], "Y": [0.7037507112744159, -0.559492813481433, -0.09307606578105955, -0.8198742708843774, -0.6434183205962005, 0.5838464848021404, -0.49565125886510947, -0.5392426991642035, 0.9140549463881151, 0.3773924547447683, -0.27294402059131967, 0.05366515544075386, -0.9486624417916972, -0.05074325520951558, -0.009860037915724247, -0.41266578040717555, 0.7022722790579928, -0.6297424913158146, 0.614571622253708, -0.818716171011283, 0.014595690645829395, 0.8162403247739038, 0.8719230879694481, 0.11948127684894383, 0.12911168121539554, 0.299178633815899, -0.46952306915528247, -0.26780526835712753, -0.6508954631590108, 0.6092610600963777, 0.6075108175508, 0.3733000124223912, 0.15216822100324787, -0.28825676533339034, -0.9801001066202285, -0.7742269820351952, -0.30197043311984156, 0.9940638367195191, 0.44028093713267225, 0.193238792306107, -0.7065272775042477, -0.33359979270078227, -0.18174914940944448, -0.22971985548417193, -0.08256208555043124, 0.891735999461168, 0.6166892595554675, 0.9052941781571502, -0.8724590558440201, -0.7692310166287938, -0.9228328052580757, 0.5542072205665562, 0.28272182097181664, 0.3725651933587772, 0.3549195710470437, -0.4173725768050944, 0.18249481150253732, 0.8145240316612192], "Z": [0.6865731635046483, 0.7814703431117725, -0.5215342885327263, -0.47869932691625605, -0.5803965034396327, -0.704409270411401, -0.11763392691700456, -0.46448743445987417, 0.23666819607378273, -0.5084525394973972, -0.8678796602337591, -0.8401020865936873, 0.16795715463377292, -0.13822589959049258, 0.3830917372061054, 0.9003670404112976, -0.038579863815753165, -0.7756649198809418, -0.7734520175117148, -0.15148765559192517, 0.963758303502243, 0.2138151367101619, -0.48402611885252883, 0.6095455301781706, -0.07750544501734272, 0.19228427751972593, 0.31075979914857665, -0.5364727142744636, 0.3197071044653138, -0.5599611711653661, 0.6752728963078853, 0.8045959518196071, -0.6952542054064196, 0.7077554895088806, 0.001274827670808625, -0.06278871307090832, 0.7323024937930742, -0.02297072454997204, 0.39645852238221757, -0.9297535240174547, 0.6175885715157582, -0.10078367769208513, -0.9820529048884629, 0.31759078721023476, 0.965953090934202, 0.433527851651328, 0.43918390983263755, -0.2576379595278467, 0.4843897585008293, 0.3992400371009951, -0.36110313223746165, -0.0679107751073173, -0.9467928790674721, 0.9237660959860815, -0.3111171193138786, -0.8059241582880503, 0.7734978674458809, -0.28417105917533764]}