{"X": [0.4888093529616346, 0.1627983217482121, -0.11612420507864755, -0.18473407953583287, -0.44415808492667025, -0.35639931094570915, 0.6111937703132895, -0.7457976322859193, 0.4539132944242413, -0.7775890526222141, 0.274195702048742, 0.8428383801817398, -0.6937350342647638, 0.9465608546455356, -0.24518507454858177, 0.913174842700368, -0.29441959724495975, 0.24186456729815126, -0.2061094423199188, -0.01342971719477223, -0.8221307698818359, -0.9920199402543403, 0.39071220667643897, 0.7393805757549698, -0.6783583072547134, 0.501238436364377], "Y": [0.8610237255367801, -0.6253129544789473, 0.9691068347898653, -0.9588011243318606, -0.3654468889526809, -0.18537744564731973, -0.6098219628155693, 0.665189774679234, 0.6720740102502346, 0.2667421419008116, -0.2142347275583703, 0.11428334196329121, -0.5570600456430009, -0.32137572585404783, 0.8479076390472772, 0.37657029285101745, 0.5819723393987586, 0.13870381677905508, 0.29597324017034643, -0.8712802276454753, 0.18883843114024945, -0.10798868935007051, 0.5542991187686132, -0.1780844845664132, -0.6861803434571996, -0.8474155595944339], "Z": [-0.14036937173041572, 0.7632040457156758, 0.21759391480099113, 0.21580946188248692, -0.8180294413705902, 0.9157591024951369, -0.5045387485595058, 0.03617257716705551, 0.5850463621723493, -0.56938905414159, -0.9375074391630117, -0.5258923679255313, 0.45652580187968006, 0.02720645666927534, -0.47003926949126174, 0.1559054880408556, 0.7580404322546734, 0.9603451370713555, -0.9326943437641502, -0.4906020868383224, 0.5370670760137781, -0.06507596415136001, -0.7349125515912533, 0.6493090793704985, -0.26265289496116245, 0.17506255815635355]}