{"X": [-0.8912728888300303, 0.0739280217441454, -0.93008904502274, 0.20823390561273625, 0.2710605063044599, -0.525139858907877, -0.19226597750055718, -0.7698948387492017, 0.014707561136244478, -0.727541782854454, 0.15915552789449763, 0.021670306885892242, 0.8179167764021822, -0.8961642947643774, 0.0578689788463803, 0.7845457557530547, 0.6517905256169676, 0.763881649357927, 0.24839034598948564, 0.46068989844600006, 0.33696540799555774, -0.43733621588650534, -0.739590011238675, 0.8015792244481024, -0.970214223054412, 0.517619513939981, -0.7662821719190008, 0.9384266559056381, 0.4215819380934467, 0.4519194918315723, -0.0697152454117729, 0.45181643805022226, 0.47734355684587715, -0.4370047488210125, 0.075097608192109, -0.4500417434411433, -0.01355286127910605, -0.37115305158387285, -0.7444267708197971, -0.4354776377483387, -0.19472564828657765, -0.9666066994226659, -0.49990346286175297, 0.7113963332591423, -0.6942251889783948, 0.7206049124797468, 0.48122972738122055, 0.27696262312071207, -0.05532940457936195, 0.4917236419930899, 0.7603490628896546, -0.6110965320888129, -0.3398705911410673, -0.4206401037811254, 0.7171529563805775, 0.9597286450451215, -0.7667629029729022, -0.1949633773655705, -0.07635566979703988, -0.22542637769666993, -0.6062248086666103, 0.40124138592969466, 0.9186001784786006, -0.34071383861232024, 0.973190770181594, -0.042845894537878966], "Y": [0.44329594734219846, -0.4739269497150595, 0.0853152458638835, -0.8427839239499766, -0.6792789773668048, 0.23362491735039978, -0.810313373421453, -0.6325500018899045, 0.8512076157647871, 0.45434112608802657, -0.16330592618129958, 0.7719135013159023, -0.00586273421748171, -0.276333755692358, 0.9653776731498628, -0.6167799032680858, -0.6670955677325972, -0.20139932131206714, 0.5265948219558885, -0.5311799872760307, 0.30564832605341913, 0.592276523562847, -0.14569205752404818, 0.5229318432285448, 0.13541924419308818, -0.3176530538078, -0.534264833685114, 0.3029229357969749, -0.12114749632290965, 0.7450170899412988, 0.43759946582770803, 0.634671376926767, 0.15257790513846636, -0.8623303243842664, -0.9603077868809063, -0.8693745958596121, -0.02402959620598347, 0.8697164193401595, 0.5900024507804884, 0.7681108413606429, -0.749872525242321, -0.23833467369681952, -0.5276525730978114, 0.6909559312573627, -0.14631013849648591, 0.23893059569943267, 0.8411173008113217, 0.9499598991081253, -0.9878774367472433, -0.7993596581029081, -0.44983400306189325, 0.7883011413223098, -0.14802202477461113, 0.158623218307765, 0.4170462511581892, 0.11464173160679798, 0.2590158767707752, 0.9730708776638896, -0.5027653030440571, 0.5663180742465014, -0.5712310467162408, -0.9123992661065122, -0.32074152635908837, -0.3390098088508427, -0.14929933886419264, 0.21263029866398306], "Z": [-0.09550571033480376, 0.8774553515334993, -0.35728934654124866, 0.49634050618979925, -0.6819870034168376, -0.818319941452751, -0.553557612855338, 0.08451291248337561, -0.5246229908319407, -0.5140594278349796, -0.9736532711467115, 0.6353581228611908, -0.5753066792827611, 0.34717317329313097, 0.25435630417002475, -0.06380053334008168, 0.3607667033242965, 0.6131257123537163, -0.8130191446137476, 0.711064440530709, 0.8905242358269257, 0.6767167456996911, -0.6571000225615474, 0.2898500203049421, 0.20086311180775968, -0.794459927368975, -0.35689314995740185, -0.16611172882702435, 0.8986612006802476, -0.49063052147017117, 0.8964633244391436, 0.626940307858325, -0.8653687720280204, 0.25576016334685486, -0.26864345087814884, -0.20408390733811582, 0.9996193767916499, 0.3253286987496041, 0.31261140567776274, -0.46943046599616023, 0.6322761404529488, -0.09417044093053155, -0.6867891160480681, -0.12843347727799775, 0.7047302536155596, 0.6508768935434492, 0.24685954662615892, -0.14445724447245709, 0.1450407768684027, -0.34529986519350614, -0.4685281979263751, -0.07171010430176777, -0.9287504839616753, 0.8932528072750128, -0.5583583630156338, 0.25647261306823854, 0.5873546000545451, -0.12297295852600207, -0.8610440533125253, -0.7927589715798192, 0.553341280427007, 0.08082653911628186, 0.2308648638661266, 0.8769187132687801, -0.17495551505474458, -0.9761929037906977]}