{"X": [0.009409595801696518, 0.21053778886107277, -0.9179591933444144, 0.3455582400111433, -0.4308912430366245, -0.1904434052511847, -0.005028160492927284, -0.7496255299899991, 0.6811709945032236, 0.3641979076382222, -0.3599239013657878, 0.37845521343043703, -0.87218851178202, 0.7632521488746081, -0.3447087439440733, 0.9502239329419704, 0.7662553350789563, -0.5982037769468511], "Y": [0.9895273320307315, -0.2597901394042511, 0.1309977024749873, -0.9275722549526316, -0.7753804664533779, -0.8530329278189176, 0.5605728248613103, 0.5963528352509826, 0.7093963274266359, 0.38880397282085427, -0.06928356605644269, -0.4625505232143241, -0.4622871059422951, -0.507486054795429, 0.7556687043112346, -0.09687711032529749, 0.34140533083448815, -0.05989801459322815], "Z": [0.14403860132267138, 0.9424345722275951, -0.37442024691614484, -0.14212394098986775, -0.46164690935486047, 0.4858663740711211, 0.8280898656722399, 0.2870973017555676, -0.18100532279767514, -0.8462808959149802, -0.9304055958022465, -0.8017597301570325, 0.15993070873025822, 0.3998800588007158, -0.5569027663543067, -0.2961237963408447, 0.5443300116113662, 0.7991022895063633]}