{"X": [0.4731776700435994, 0.050349432397549986, -0.8059740783785021, 0.41467350769886546, 0.24278393745579382, -0.010880865066881785, -0.5587944954195921, -0.7532835370246747, 0.7097510646544849, -0.5388547648966578, 0.022181002600619535, 0.034519471785388944, 0.8771189553049523, 0.8854946882179583, -0.6922865846858131, 0.8014556109583685, -0.2532616274120606, 0.8126409780760503, 0.2907819779275471, 0.7256330773569597, 0.4350638721606612, 0.06630765192740966, -0.24168301518563742, 0.6714555978009139, -0.9097317319223148, 0.5295503680160867, -0.8777832707204317, 0.9140994291832717, 0.9926450180540001, 0.24516068808152058, -0.3714908301868103, 0.0685134461090913, 0.5592440804426994, -0.49439306943858946, 0.2956649141967287, -0.6227395517409525, 0.03914439271372436, -0.39835306828007666, -0.9038190126590616, -0.6738925671243069, 0.5350299799232472, -0.9877533241674644, -0.2712121552425841, -0.36004819270553806, -0.7543866734240429, 0.5026656424779207, -0.08884582796170959, -0.4070417209208529, -0.21264598565109252], "Y": [-0.3813493867416062, -0.12416130553876036, 0.5673198258420719, -0.8149395290404505, -0.3805232945518485, 0.5624850419771716, -0.64569809425363, 0.3024863755687558, 0.6598265136721952, 0.4326879571686898, -0.7837326200019229, -0.6732935049999228, 0.4366185274551318, -0.3293342158634808, -0.10910236770570934, -0.43317882151608056, 0.07996433275675047, 0.07149672705965941, 0.8287217984579677, -0.6878545849255614, 0.1617553127118994, 0.8720447905810385, 0.858256578619241, -0.10919987408767386, 0.2209919840484079, -0.6556384137031727, -0.4254931139608109, 0.20581328968123702, -0.07266073656232722, 0.1222912342454125, 0.18405765801006282, 0.9966763228089035, 0.4312510482842038, -0.7120983682194431, -0.946462292227333, -0.7823704274424517, 0.49710723364012943, 0.9079402068268679, -0.3217522275092236, 0.6794872152710691, 0.5856863340878902, 0.07180477994406946, -0.4159919991074283, -0.36707840636057704, -0.18570209813497873, 0.8480096943686819, -0.9542371377078714, 0.6808878682304088, -0.9523469237562868], "Z": [0.7941508281201446, 0.9909838065600038, 0.16897928922931746, 0.4048696654727889, -0.8923328874455254, -0.826735861280576, -0.5204062672239775, 0.5840084806258153, -0.24674358771206478, -0.7227839746904697, -0.6207021696986028, 0.738569063928741, 0.20006648826742898, -0.32777756390480256, -0.7133273848837298, 0.41234089325858553, -0.9640872644980654, 0.5783622210789335, -0.4781903617526553, -0.01768352460207554, 0.8857508938465981, 0.48491357839964294, -0.4527526536946789, -0.7329548196724364, -0.3514978220700293, -0.538251500890443, 0.22011846722906647, -0.3493753330694716, 0.09683122169421354, -0.9617385772891347, 0.9100095283099873, -0.04407057129626344, -0.708003242819957, 0.4984891241243853, -0.12958158783107887, -0.00958983633817887, 0.8668056960944197, 0.13022831419869088, -0.2821111420147245, -0.2901136540354131, 0.6088632347629622, 0.13851875025897412, -0.8679830779037561, 0.8576821920229282, 0.6296153410682377, 0.1679488318774323, 0.2855484264934538, 0.6088585618404654, -0.21867103511533667]}