{"X": [0.12871428986791225, -0.6549913464031671, -0.7567354997256444, -0.03478660004114055, 0.03179844662192378, 0.061199975540897435, 0.6058692768809639, 0.5983532024827385, -0.015922021724999357, 0.6678186568812499, 0.03860503917889645, 0.641616294314585, -0.6453440727160211, 0.7044358040629243, -0.605149392105599, 0.9981566758491343, -0.5925188426110553, -0.7145646723150458, -0.07665091075758004, -0.1330519304422596, 0.7512867936403422, -0.9974125515223776], "Y": [0.9594914653860646, 0.10849692143499783, -0.5837127119752968, -0.32496210441637624, -0.5136480608463596, -0.897797411621367, -0.7401199185475945, 0.0769597433359252, 0.5200081793523857, -0.09630707780255211, 0.32210157014665053, 0.6214203980127788, -0.6119798116045851, -0.5525243766673558, 0.7421151446651985, -0.04250352977547043, -0.08996412542029086, 0.5364509186904235, 0.8916346442526837, -0.9551922346032511, 0.5866729036954755, 0.044073431559232885], "Z": [0.2506167580891226, 0.7478066288661088, -0.2943311966703892, 0.9450870452772369, -0.8574115280197759, 0.43613572506705695, -0.2917960340731857, 0.7975278321063909, 0.8540128702957618, -0.738067197676781, -0.9459176652642969, -0.4496278681350381, 0.4571780156555161, 0.445518811210673, 0.28820014797493715, -0.04332090043422714, -0.8005172560839758, -0.449018642057868, -0.44622001193180916, -0.2643954968588454, 0.30229630790192114, 0.056795551729111333]}