{"X": [0.6811405984516532, -0.5866574862383932, -0.45024060008993305, -0.2246805683765644, 0.05163514825094138, -0.9370882832367348, 0.4501518014096253, -0.06007358033944531, -0.397691445546775, -0.8782961840779981, -0.005253395869641275, 0.749497609506586, 0.6145200880428776, 0.8783049463195883, -0.6214392170905881, 0.9388703066203538, -0.5557049968274446, 0.33724642200550775, -0.058932291600807256, -0.209858579599475, 0.066796583846527, -0.6771480394857124, 0.21011633461610402, 0.5904338559679656, -0.9433343377916679, 0.39740901283361857, -0.7490340841211647, 0.549906360782651, 0.22449310655525817, 0.9410936091936237, -0.32597414555788407], "Y": [-0.40904413600500183, -0.516208723850841, 0.8164773249889803, -0.9270792543840073, -0.581219607368307, -0.09934748559883394, -0.8117983535314128, 0.578895013176174, 0.8770578197570283, 0.4763927357499167, 0.002666951446717937, 0.659960641078702, -0.2515651500883722, -0.4755492567365923, 0.2576973413858021, 0.0970453146896439, -0.4264501988529722, 0.026068704038058416, 0.5854711678021857, -0.9207749572868968, -0.5835915140306857, 0.4020360664924242, 0.9214026277445814, 0.5157088588441521, -0.09986636465535341, -0.8805553431302497, -0.6606022492739453, 0.42996808382486473, 0.9267696090051146, 0.1011742022765282, -0.03117371936034591], "Z": [0.6072317349586115, 0.6239884191719711, -0.361452873566522, 0.3000711553694846, -0.8121068768799675, 0.33465747642271326, -0.37194998170635335, 0.8131861586776779, 0.26946445951547043, -0.040568144630206956, -0.9999826444503013, -0.05201235978978477, -0.7477165483341858, -0.04932875112771512, -0.7398684881142908, 0.33031008801335576, -0.7136751252490661, 0.9410554040619814, -0.8085483885822928, -0.3288356042185887, 0.809295472085323, 0.616309608768154, -0.32690720933144607, 0.6208318891909971, -0.3164601655085191, 0.2582409034281305, -0.050523351818466095, -0.7160519822350573, 0.30116596244210025, -0.322655543154968, 0.944864570004109]}