{"X": [0.4070575728829411, -0.23850242620044207, -0.627194982508027, 0.3307095029727166, 0.008791701054673232, -0.6334647030145687, 0.1816106447155776, -0.9432238849934192, 0.6945799328768205, -0.3833232268831519, 0.20455090287369213, 0.6918467030949688, 0.9297412112448729, 0.9522864875700262, -0.4443375967223249, 0.3544282912374054, 0.4880049503435743, 0.5020272701685782, 0.22640444386389258, 0.678914549665487, 0.2628693864964909, 0.06106442458843568, -0.2594225681198576, 0.7186000801621745, -0.9749787352452752, 0.7388773421685915, -0.7542793716223699, 0.9636287097333669, 0.6209249083893751, 0.3584279389429167, -0.6645725197902422, 0.5178997577399261, -0.0004431006846003475, -0.4655579620661048, -0.3400020194464069, -0.6374162274256052, 0.16473027134482374, -0.12089792667062549, -0.8128122706556665, -0.9257031463592333, 0.8067226944599449, -0.8462987086603547, -0.4582668538478428, 0.01482107177274429, -0.6257762852422839, -0.14758587133905252, -0.7925624090903346, -0.29557076926921677, -0.18768634832365347, -0.15661225644011878, 0.8568984761707911], "Y": [0.9079378777408021, 0.06845392624391508, 0.7658301867024518, -0.9274143835251144, -0.6802299400693311, 0.47869113900861043, -0.93527598711362, 0.043801517932458886, 0.6408697909430426, 0.0983712401266736, 0.19323736445150977, -0.7047777180168473, 0.13944500778807487, -0.2954785994936811, 0.8195556867010991, -0.5519638840350755, -0.6309604005246624, -0.20562901052594157, 0.9022559183557516, -0.6412479397490602, -0.09456853472944239, 0.8574125753429988, 0.84616038843196, 0.21921580492938048, -0.18042430949905905, -0.23715488945961954, -0.5209361951416999, 0.18333257007593917, 0.2244872168448372, 0.5944070654665222, 0.2583749308892958, 0.6552302779012945, -0.25395827032650276, -0.7140986560972402, -0.8447104707876952, -0.7703440184466024, 0.4296663771845192, 0.9924555577405861, 0.5146654090188449, 0.3215251015336345, 0.5711748648561835, -0.4377366705712701, -0.4175763212846929, -0.8349393056445175, -0.24856599164306709, 0.5406370193106315, -0.02123246370321841, 0.5693406064079198, -0.9783202470314447, -0.44210942206277504, -0.26684669361401764], "Z": [0.09976443515690954, 0.9687263043183537, -0.14188227180322374, 0.17473919386980896, -0.7329460652911916, -0.6079286664316, -0.30377031068660393, 0.32925693584909255, -0.3268709652163256, -0.9183607149959259, -0.9595927516990693, -0.15696021025593612, 0.34078786644465564, 0.07643849051881543, 0.3617907911140338, 0.7547956392901637, -0.6031087310012375, -0.8400507901533144, -0.36698131504301557, 0.35759769856655216, 0.960185647613046, 0.5109939448695747, -0.4655239287069704, -0.6599684505035679, -0.12985967180503524, 0.6307280171637168, -0.39960994749411805, -0.19444505271916163, 0.7510377804178064, -0.719867802522526, 0.7011317715148843, 0.5499573836710606, -0.9672150746315703, 0.5227990946022871, -0.4133555942696262, 0.01645132997814752, 0.8878348619083345, 0.02038767364282326, 0.2728657718202204, -0.19923677849333407, 0.1515182101260664, 0.30358705993008916, -0.7846155151198216, 0.5501424285776895, 0.7393368573437054, -0.8282089252912025, -0.6094210450764042, 0.7671304936245631, 0.08754044151856559, 0.8831828010418079, -0.4410417708601342]}