{"X": [0.017288014987048902, -0.4175644480932999, -0.8620028602889497, 0.17560613229447108, 0.23695761571282647, -0.15001371205585604, 0.5616026589058646, -0.7513466667364819, 0.7758488493687513, 0.10875230944603143, -0.2984152316265939, 0.8950027554819612, 0.8658781272528089, 0.7019103012644439, -0.9347579696620332, 0.33904217140846976, -0.6510068323450557, 0.9830781054757793, -0.11730141406685408, 0.6274032655393331, -0.04051406151443975, 0.5371638231376409, -0.5039711954754114, 0.6767537869443394, -0.9812597869828984, 0.7784546672162912, -0.69876833378482, 0.9496711647773298, 0.4473261615424435, 0.2773771830360663, -0.3981536904891035, 0.4168558433362129, 0.30513063540453755, -0.5818751769892003, 0.10738566306101771, -0.6584334080873381, 0.0509923055574104, -0.3657642016955781, -0.7737229110789174, -0.5405056490433987, 0.504516170669271, -0.9213257943310826, -0.20548371145399266, 0.02223802988330685, -0.80205152742427, 0.38103411494692613, -0.199728132905852, -0.36517893053808725, -0.30475502368340623, 0.7879416785000929], "Y": [0.9879682956896905, -0.2525742605119615, 0.34222028900266793, -0.9828231543278365, -0.5351748532400515, 0.2425370089124282, -0.720373577365476, 0.4091059763166083, 0.56025099401347, 0.9053535055319858, -0.6655559768543231, -0.41904547056583175, 0.4590530554898387, -0.28283005201741973, -0.15833609292710163, -0.7724531356688322, -0.11115097413454558, -0.04560050942421257, 0.750425781969582, -0.771982427430396, -0.5851546799731027, 0.6257420794082972, 0.7918643139991226, 0.24115954374852813, 0.15363053804599516, -0.43392673974633583, -0.5788399332930236, 0.07851419968468164, -0.3237878731612261, 0.4829348077857098, 0.26010709265500853, 0.22069014751653132, -0.04809009507330259, -0.5962629177651299, -0.8871766567377929, -0.7489704349557402, 0.5502106396472801, 0.9183586130252496, 0.6304193093975107, 0.412962466289173, 0.8601080191059527, -0.35258643544768575, -0.2546408790821099, -0.04647874180161758, -0.08634148322000154, 0.8058778780911346, -0.8980076186867831, 0.7145453943594297, -0.9352758845995822, 0.09587113040676419], "Z": [-0.15368725142254291, 0.8728380002127393, -0.37394697839212404, 0.056755031650581995, -0.8108261002306116, -0.9584736227476662, -0.4070188724660438, 0.5177938648980045, -0.2901333945620586, 0.41049721705646125, -0.6840932620679244, -0.152875639910215, 0.19880986140182202, -0.653704130822715, -0.3180522281479782, 0.5369977273713719, -0.7508898489052827, 0.17742049507992239, -0.650462546203283, 0.10202094946261916, 0.8099090142264006, 0.5655986891515342, -0.3449114992947957, -0.6955906744023365, 0.11630515134754348, 0.45355916441219596, -0.42031791221040593, -0.30324940105191284, 0.8337030157036938, -0.8305635856212071, 0.8796692214124954, 0.8817749512577381, -0.9510954936774035, 0.5530748695267224, -0.4487604027858273, 0.07422085068700313, 0.8334674779455229, 0.1511092539864326, 0.06264464231146254, -0.7330181749373872, 0.07535004315094242, 0.1638340203941006, -0.944952097742199, 0.9986717161246972, 0.5909809604646885, -0.4531819158461018, 0.3920344241344574, 0.5967153660588822, -0.1799538697172019, 0.6082406083426076]}