{"X": [0.484541926184936, -0.4457907553298975, -0.5664996918647286, 0.0368523374667828, 0.3756014547229467, -0.4256910202657224, 0.08125360399144999, -0.24758644121037615, 0.4078964693652855, -0.8094530199931458, 0.11693292957931074, -0.43028739077945477, 0.9943009644388242, 0.5978772862230237, -0.6916121295683993, 0.5224974378562163, -0.34593930561856223, 0.42365783048407485, 0.010721621423395162, 0.8293689075490769, 0.07918937672203935, 0.587606213124823, -0.12295304684269387, 0.8070591309983653, -0.9575817501895703, 0.867526994704832, -0.8013204986930953, 0.811036474012755, 0.5405340774504696, 0.5061518692053883, -0.6991474747104203, 0.854128180395464, 0.16501215638807912, -0.4019317338503786, -0.06817026289116489, -0.47714678240175373, 0.151071789197987, -0.3178213046058447, -0.7401359106397493, -0.4994605407456608, 0.9025754036416518, -0.9744581274532613, -0.2008847702511379, 0.6044825313564208, -0.813145538127204, 0.12070620499943839, 0.061417422585323705, -0.896776688145729], "Y": [0.07778876832700433, -0.3675582266817056, 0.8159125522817633, -0.9701264595577365, -0.23123990894526747, 0.16281786291930075, -0.7048410871272398, 0.12494833892399171, 0.7944488601069942, 0.2189881215194436, -0.7024402091808708, -0.7111432194542944, -0.03972952727794887, -0.5563488989007963, -0.2814496895164078, -0.7877884146481758, 0.5858127608988882, -0.8861992975439376, 0.6092644186461897, -0.5406826484412853, -0.2538069996782573, 0.8061679751661818, 0.915265500955796, -0.06249007891391293, 0.04122417618209742, -0.37606858752000144, -0.5721104602031053, 0.4509782417057571, -0.42397545222199035, 0.34545617205581974, 0.08642516129892233, 0.07699791259938107, 0.8318886880265196, -0.761601700696388, -0.9568538545227281, -0.8784494372314112, 0.4463395853699265, 0.895990236673375, 0.5448408091688596, 0.6186927774730817, 0.40968237946246217, -0.11937652760272612, -0.34401044240673123, 0.556848681618991, -0.45069854583795504, 0.9921126677725646, 0.13776196279950362, 0.4325387285659204], "Z": [0.87130249012106, 0.8161933303213152, -0.11560625478851312, 0.23978439834402518, -0.8974695826160298, -0.8900997128297031, 0.7046963131276418, 0.9607751384839828, -0.4499683088330027, -0.5448210816932121, -0.7020715366014595, -0.5559928801346204, -0.09893006003381731, -0.5770776839477195, -0.6651757170139193, 0.3261684245597715, 0.7329047728021486, -0.18752292580417612, -0.792894643067901, -0.1407461859709458, 0.9640078057405428, 0.06936954745105077, -0.3836295231499194, -0.5871546211258977, 0.28519775420221466, 0.32552930887880654, -0.1748573124019709, -0.3726103371203507, 0.7266826866163311, -0.790234344032472, 0.7097348097004244, 0.5143309954782733, 0.5298416735003695, 0.508344106703715, -0.2824597605719221, 0.025642431075670546, 0.8820194380172814, 0.3101469234485945, 0.39414125189542315, -0.6064308825750022, 0.13235553898150396, -0.19021199356980426, -0.9172252311162578, 0.569666933448068, 0.36832750997362745, 0.03380039230302566, -0.988559326398069, -0.09328354564956749]}