{"X": [0.8405974190030989, -0.19227122471878463, -0.8629979094052467, 0.48609939823669523, -0.4265031051006938, -0.23292158500773763, 0.03785453272297568, -0.1733836146011177, 0.7835651088681849, -0.6957108205953424, 0.5708336762000765, 0.02958837764101182, 0.8936133328286742, 0.5588823008526188, 0.8006322802778915, 0.8212574951792415, -0.5879172986787633, 0.7817426531732748, 0.001192130945862877, -0.4368838577019202, 0.2628572184577718, -0.5193982135025179, -0.23481496354653927, -0.6741667033098803, -0.8936056073539513, 0.11102304237848275, -0.7161306722997418, 0.9953719438156162, 0.41394733485770274, 0.38610258517480206, -0.6935165356985961, 0.3555416109577356, 0.058275988084932145, -0.6184742544078924, 0.5191403638440163, -0.26479000148797593, -0.26787051367132636, 0.4272512359148846, -0.9439443410101905, 0.29293424026383963, -0.03710381568896214, -0.9558990169554629], "Y": [0.22623013630094596, 0.16816571578950193, -0.31030588339334303, -0.6309139723144753, -0.33602752878612724, 0.3256630362674076, -0.9506650023136037, 0.9256167459025283, 0.38578525857117896, 0.12158556687735286, -0.257255493747263, 0.6389916234298223, -0.30006991789818527, -0.7366915293271048, 0.5985294737750585, -0.5495295034124442, 0.6299009129589075, -0.15893229949688148, 0.7452283120711635, -0.7520770334024117, -0.25292365608103556, 0.5542687413164222, 0.9475782358238516, 0.7348992842179722, 0.3000966480581355, -0.6373817833192001, -0.6974723711776575, 0.04558610948871452, 0.263519796396923, 0.30282750665945346, -0.04084404853038523, -0.922759233884075, -0.13159298120176452, -0.5956685243894535, 0.6943998634239958, -0.9529136601520549, -0.37770729469158865, 0.7965942045573824, 0.2514128234214781, 0.9533541960040571, -0.7904875748086941, -0.2280141554628763], "Z": [-0.4921543503765703, 0.9668257692977278, -0.39867890224295904, 0.6046940834606307, -0.8397503207724037, -0.9163466167594969, -0.3079011005638029, 0.3364101096766645, 0.4870271598520543, -0.7079572049450928, -0.779723364439439, 0.7686444126480677, -0.3337862426215405, -0.3807048258314759, -0.02739380951192271, 0.15347133768619656, -0.5075215165564911, 0.6030082490200632, -0.6668083245666423, -0.4934699896732485, 0.9310938228230522, 0.6503934641506646, -0.21669660792821557, 0.07363625604415366, 0.33378289400424244, -0.7625079319940625, -0.026251697761024, 0.08459669075327218, 0.871323660226858, -0.87133248242663, 0.719281988104989, 0.14867938377345094, -0.9895894080431322, 0.5125120541863311, -0.4982992196508423, 0.1477897540684463, 0.8863309694703334, 0.42766114468676575, -0.213917445043825, -0.07283754418227736, 0.6113531720162977, 0.18511243689209855]}