{"X": [0.9703640476719558, -0.12548112710932163, -0.518678842428298, 0.03381310767637488, 0.15189662642813465, -0.16769946179413459, 0.7806729214412497, -0.6364773491804562, 0.2649078755254383, -0.6289124332393983, -0.40910316951009634, 0.3393448310434711, 0.9481614163352339, 0.6440660760520668, -0.450847640047576, 0.7032266812923458, -0.14878483508806128, 0.5818083137873112, -0.08170271425356711, -0.178665010702954, 0.2344512536172492, -0.062173316089117, -0.6439154033792124, 0.36771142327227946, -0.9404600486433294, 0.9253234710650909, -0.5996554374298968, 0.7326379323025222, 0.6603954793677296, 0.31194934599397195, -0.581395984009598, 0.42265009145802634, 0.7932720804473886, -0.32863772135423946, -0.08831554989421457, -0.5644589686588186, 0.33529394565177256, -0.12146050997299529, -0.9539541927562177, 0.4122350135584617, 0.7751867203114685, -0.9261244092687257, -0.17677925798413915, -0.8237623125973877, -0.7609408363957175, -0.8411898015320362, 0.37992098814498637], "Y": [0.22710895567641284, -0.14645477448761846, 0.8030866740387655, -0.8663205400599235, -0.5177965178870811, 0.386003741493465, -0.615573703756134, 0.5090848713655859, 0.9227472915645883, -0.005355462535407049, -0.5520882000970081, -0.9401365612958302, -0.13991244984505632, -0.36194365986127275, 0.8617675018955886, 0.6788741283368301, 0.38677028245323, -0.6921677485531775, 0.7952686901082705, -0.9834438382831533, -0.501422569133465, 0.9933849870997333, 0.4597905094162926, 0.5536498813186187, 0.11266573892892545, -0.2657369944293825, -0.7654281011403166, 0.16348334840461695, -0.23247863467016391, 0.03619162035864223, 0.053347329311550035, -0.7831968254886856, 0.5222380595766355, -0.5685382036930299, -0.8785997944865266, -0.7660817748638541, 0.11462570323034034, 0.7872079035905702, 0.13283899160336896, 0.8657333925300755, 0.26157582474366126, -0.3733042362356239, -0.1349192404216143, -0.3439732554540958, -0.3392586083744812, 0.5398818721279778, 0.5961640928062639], "Z": [0.08255384447297104, 0.981226521130139, -0.293298572104595, 0.4983426488065701, -0.8419110291139827, -0.9071262327079974, -0.10779056068292844, 0.579421416351609, 0.2799308010827243, -0.7774576968156732, -0.7265213114633592, 0.03143774417686074, -0.2853321484717733, -0.6739255721258252, 0.2325794017968236, 0.21119221717066863, 0.910094402498371, 0.4270865180157186, -0.6007265409627541, 0.030282517950337567, 0.832831325564124, -0.09654401157682284, -0.6115273017140711, -0.7471680655053144, 0.3206888338832298, 0.27048165129577656, -0.2335233999955645, -0.6606927084098173, 0.714024856186788, -0.949409170036686, 0.8118699232222095, -0.456036876507775, -0.3130284579911261, 0.754162819982924, -0.4693216005844133, 0.3074163088095195, 0.9351143877452727, 0.604608188037211, -0.2689334498210165, -0.28384500463249485, 0.5750335960293299, 0.05419894616310694, -0.9749594312127208, -0.4506640121825959, 0.5530575378287476, 0.03045130450544447, 0.7072824168713808]}