{"X": [0.7187932287573217, 0.07877617352145729, -0.6899721108907722, 0.6843003385181863, -0.09132798026452633, -0.7241590375920808], "Y": [0.6017919621268644, 0.42709437578022574, 0.6786983358298485, -0.6802137456670876, -0.4263579822956534, -0.5919355670823001], "Z": [-0.3481130974440967, 0.9007689540954532, -0.2516089329390483, 0.26275902821681824, -0.8999322590915282, 0.3538445600778212]}