{"X": [0.442153729764384, -0.05209877323553882, -0.5974056138792926, 0.597555854439423, 0.14816040174160694, -0.44237026926326206, 0.7792372890078696, -0.9030497780948202, -0.7793874840943896, -0.1479438731822117, 0.052145039108016274, 0.9030035278298989], "Y": [0.8692170128662102, -0.24125975944119568, 0.7398223814200687, -0.7397927892172653, -0.7530589712777696, -0.8691419826435257, 0.26275270532397593, 0.053312051602552375, -0.262782312037262, 0.7529839422094061, 0.24151485556048996, -0.0535671593475093], "Z": [-0.2212732785480129, 0.9690611158754273, -0.309466276766054, 0.3092468752425966, -0.6410543511542788, 0.2211351597517459, 0.5689905651806522, 0.4262146447939384, -0.5687711368532764, 0.6411924774688389, -0.9689950822579129, -0.42628064484116085]}