{"X": [-0.652657525874988, -0.2495969217902965, -0.7181873712397271, 0.4665000150068089, 0.26276027112622347, -0.22923398008413437, 0.7669684604261925, -0.7080074135480148, 0.5834286135051693, -0.9262804697002198, -0.13128225415178446, 0.9910797525690551, -0.4190012236539647, 0.921615076859101, -0.4966755371853568, 0.6943737839792247, -0.42221700152548, 0.285281360806391, 0.2657180008019655, 0.369313864285935, -0.02179872707159424, -0.3419063020930376, -0.6398465060465336, 0.8326455183766834, -0.9625552309030777, 0.578420067878516, -0.8042106571799598, 0.8845590873301828, 0.25483259114234585, -0.21312074920025678, 0.03488938577447482, 0.48076968946581583, 0.31170920198647595, 0.4733557642898374, -0.008754781406539116, -0.45339110260315263, 0.9331210226955052, -0.3140569174873891, -0.7350687739770924, -0.03726720361781433, -0.4204903561313893, -0.9728310717134395, 0.12665180642794482, 0.03590783502882707, -0.506114616985463, 0.1199135731601057, 0.17109236455139887, 0.5094117988191433, -0.06325171832908634, -0.7628243414715808, 0.6123407147978815, -0.8010052489862474, -0.30910748583287817, 0.6850736558211389, 0.7032788357716404, 0.840538297408413, -0.8587880347709953], "Y": [-0.2514416822870864, -0.5350244565391397, 0.6828696076530566, -0.7645360529445278, -0.702844228865461, 0.41687188151102106, -0.6294177256872653, -0.45076601593674465, 0.699616690214035, 0.0027714011290281178, -0.48862847514021307, 0.13317284832865456, -0.6976575813285544, -0.3259945833843472, 0.8261908089688934, -0.3221953604797382, 0.29228493153424445, 0.8311078639862047, 0.5323050456065662, -0.9290534342745705, -0.10593866165003232, 0.701982926898825, 0.2782949441319676, 0.21888964564596938, 0.2614062826406776, 0.16345408548295456, -0.49095314520630096, 0.10911378827144826, -0.4799446909579443, 0.7622343974575242, 0.35691242902552806, 0.4191787874780807, -0.2939211882396847, -0.02279423886942463, -0.9263979401688853, -0.8798510921614817, -0.20496438556707094, 0.9234031207155489, 0.4347569204753553, 0.9828037518271558, -0.8130615737706756, -0.21723803259722468, 0.10748252355768019, -0.8292314017560269, -0.14318077841996016, 0.745044329029339, 0.9530252552515704, 0.8576226790956165, -0.9907511032484365, -0.6369247253569416, -0.7078633618089659, 0.4892165209196214, -0.06338980145060666, -0.36126848290435737, 0.5515767162102445, 0.5394001870168287, -0.004480040167368578], "Z": [-0.7147133931355836, 0.8071246542745468, 0.1337759273394545, 0.44481722060487894, -0.6610348174401928, -0.8795849116374427, 0.124870762399155, 0.5436317698935238, 0.41248944194657244, -0.3768246419592573, -0.8625585099151108, -0.005090826621859819, -0.5811298252467103, -0.21060195086954733, -0.2659363794913418, -0.6434556688752572, 0.8580806036852568, -0.4773617743355054, -0.8037694212095892, -0.02160985675140156, 0.9941337010009559, 0.6247559931138104, -0.7163437532153321, 0.5087128500010649, 0.07179263790323592, -0.799195212081719, -0.33497795164789324, -0.4534858346526905, 0.839472122296483, -0.6112104953229175, 0.9334860731512696, 0.7701620932111298, -0.9035749600894916, 0.8805763698214639, -0.37644416618320714, -0.14247302798265163, 0.29542301476494315, 0.22066927568446112, 0.5202502451922537, -0.18085336858619716, 0.40263971197343396, 0.08004588123175144, -0.9861069044775072, 0.5577507595021968, 0.8504982417175903, 0.6561476074430188, 0.24994052421504306, -0.07059008092290246, 0.1200477885694845, 0.11147160305402237, -0.35209133759484723, -0.3450475137655416, -0.9489121641512085, 0.6325813539457543, -0.44851087533125583, 0.050426271287657524, 0.5123114683220265]}