{"X": [0.36823586880585196, -0.3770379533184968, -0.8349052454543137, 0.4221063183452388, 0.29266185528399763, 0.05911278545230189, 0.6835224439551614, -0.6492427658775044, 0.8198336891377126, -0.7888535234529086, 0.48203191853920274, 0.30260011139331455, 0.9655657964131665, 0.7163489371931779, -0.4814764982241963, 0.5532127680422094, 0.8173537994406674, 0.4919780374432799, 0.1335841744905821, 0.24179989458642143, -0.0899732556057962, -0.29931010049769124, -0.10937735640223882, -0.41076578528503266, -0.915985357291954, 0.8666023470909547, -0.6449213555158538, 0.8587073485648691, 0.1384634820133731, 0.5414067249164088, -0.6200528128664307, 0.7169801538884263, -0.06414736838087155, -0.46648733707190043, -0.2306919790986075, -0.6165275342212785, 0.22280839537908548, -0.12948281538383588, -0.9903498932958549, 0.15612713477346757, 0.6864868073973058, -0.920470749857764, -0.4892734988928198, 0.03164469703443197, -0.8063383342318462, -0.3385014522587937, -0.8439193844863463, 0.44175156810581856, -0.14197484501474533, 0.969392789126144, -0.15508703267407833, -0.5662245538172488], "Y": [0.7688479656434668, -0.34704473029996447, 0.5494400068996464, -0.8300804205200549, -0.45291186403860023, 0.3148913168668532, -0.712091734941057, 0.5776459545549258, 0.4975307175074787, 0.34703228560822363, 0.0007713463405506246, -0.8060345929194119, 0.2351226388610526, -0.4148859150601577, 0.1441487972592659, -0.4610330329561075, -0.5133297899094124, 0.03206394225086914, 0.7349947972386363, -0.9682997061700765, 0.07101938369468513, 0.4764666274500556, 0.9498111151068279, 0.8999706786251409, 0.13492347292120332, -0.07948698181324945, -0.6450943341147054, 0.06382986143167489, -0.34418330290701676, 0.46415536729596363, 0.08275065652622535, 0.39716483254147406, -0.1598323444367319, -0.7012695142823268, -0.93307295041832, -0.7836685016753949, 0.4553173304008757, 0.8293764413800154, 0.0909142539993701, 0.9800182269004577, 0.7112648598891055, -0.39070555416256814, -0.3504331925059599, -0.7400296428396415, -0.34389101735793287, 0.5972295080477306, -0.1676682766437729, 0.8513076250638869, -0.9595191821049148, -0.21987055112747628, -0.6890950047029427, 0.7592742595754078], "Z": [0.5227572578651607, 0.8587213383446483, 0.03238687899425845, 0.36440739767775987, -0.8421519351487646, -0.9472851403658401, -0.16038213628144052, 0.49478175203018204, -0.2834358962646437, -0.5072264891362278, -0.8761533167969168, -0.5086663027978086, 0.1113554556006237, -0.5609936520736223, -0.8645238608080593, 0.6938329595791549, 0.2615822878779523, 0.8700169620649887, -0.6647841125943111, -0.0626776675454577, 0.9934088083036717, 0.8266758836850341, -0.29307923762351695, 0.14602824128973751, 0.37784452051288636, 0.4926278430404324, -0.4097923197092627, -0.5084756024730251, 0.9286364833177454, -0.7010267849559225, 0.7801838489105668, 0.572887034870254, -0.9850577327251774, 0.5390831407953665, -0.2759639106427126, 0.07587805367082044, 0.8619991575316168, 0.5434785359184826, -0.10460252037416229, 0.12324200878884939, 0.15112300406088292, -0.009097725144575809, -0.7986288379912528, 0.6718293986334861, 0.4812041759261212, -0.7271407577187194, -0.5095953507396764, -0.2830739825277754, 0.24324079130720327, -0.10924541700746628, -0.7078814072920696, -0.3207683796771025]}