{"X": [0.7947862321581713, -0.2188785683500566, -0.7710037910302121, -0.06963865769162925, -0.5939924611671199, 0.019127024594496608, -0.03248267785051661, 0.27337008433797116, 0.37125906864815206, -0.5667519376462947, 0.3918069461993455, 0.8128687810926625, 0.8614196987240529, 0.561611914999271, -0.5406831801113727, 0.15198118764098825, -0.9249991203365542, 0.7439445934727604, -0.03792315329112182, -0.15870731176911101, 0.33918276350546356, -0.5755136733786211, -0.29378927903763613, 0.34741455379678293, -0.9494118765210632, 0.8850488677610356, -0.82566199465076, 0.9947476859273561, 0.7910822307879273, 0.32715837991775143, -0.636097262686592, 0.5406852683620147, 0.5523056134753151, -0.1608913556991996, -0.5767276107892843, -0.39921591055311517, -0.6951274900021299, -0.06426306598915464, -0.9334803426419241, 0.46049132847163055, -0.1950517144454754], "Y": [0.5782003800214126, 0.1137965477976471, 0.4059893108530196, -0.9108274049340839, -0.5519088427034329, 0.1732325027354099, -0.7925942201663712, 0.4142788140920647, 0.798153179609379, 0.010348120857888573, -0.3868894390626136, 0.438110077961486, -0.16355204636076323, -0.7123936726002656, 0.8126122016924658, -0.9811547434740876, 0.37475167040159696, 0.2380402720231117, 0.9218535136321816, -0.3524823360436739, -0.1330012832034932, 0.7528836142725082, 0.5731479571889188, -0.634289134571203, -0.1312105162695034, -0.46527862517542207, -0.5621456302464519, 0.07308104779778916, -0.3051211325952913, 0.6393847274128166, -0.22569455593180854, -0.8126101427246308, 0.14783875388955592, -0.48489782936803755, -0.6913278274174937, -0.9078782457441696, 0.31806218809638537, 0.9804465489488714, -0.10493149248288862, 0.8760198439182963, 0.6699576390865404], "Z": [0.18438862685890245, 0.9690936580260793, -0.49063819020754124, 0.40687085884338137, -0.5852944433551246, -0.9846952101671805, -0.6088836323949934, 0.8681254870026126, 0.47446623254552606, -0.8238234990390121, -0.834747793559084, -0.38380190764704425, -0.4808397142306038, -0.4208174333008999, -0.21753875150229246, -0.11931926902865377, 0.06275199524966273, 0.6244063346394018, -0.3856785369299919, -0.9222625396101789, 0.9312710194175597, 0.3192965316351106, -0.764976652384055, 0.6906376919739442, 0.28530841056836054, -0.014293447092214523, -0.04769235771219482, 0.07166729934180315, 0.5301792136394666, -0.6958121620098562, 0.7378632934530412, 0.21754125244962427, -0.82042806642145, 0.8596441512250517, 0.43525980516410206, -0.12799901431548813, 0.6446969963840986, 0.1859968360051377, -0.3429341508022052, -0.14330725544715733, 0.7163180791530183]}