{"X": [0.1869313217487371, 0.30523069356578636, -0.9573491258267836, 0.2931184860820754, -0.3513610680335132, -0.4594761453049536, 0.8066173514219941, -0.5302558398948328, 0.20492449271943577, 0.9272936100401551, 0.40135229447159226, 0.459474631176318, -0.7972309183083875, 0.6460928987079734, -0.4564374087929771, 0.8821467783560858, -0.8507194659565018, -0.4473621159105024, -0.1629353321957775, -0.10002607852140284], "Y": [0.9805683278983891, -0.1897766167303104, 0.09160350071375371, -0.836829668294656, -0.4890856574601071, -0.6528746225549117, 0.5226498955469389, 0.7455513824532563, 0.5817839461018202, 0.06427762017255878, -0.2575187438548788, 0.652873917787736, -0.5942364641378302, -0.7109174550023157, 0.8033551636938792, -0.25648478552244053, 0.12863923095669255, 0.07929292602777241, 0.3070419904967899, -0.9699334840673729], "Z": [0.05951836079587325, 0.9331768639693904, 0.27402819186295196, 0.4623825898309843, -0.7983361569772247, 0.602192991589476, 0.27605350037581705, 0.4037101440135783, 0.7871044354733853, -0.36877492908771486, -0.8789769236366753, -0.6021949109531559, -0.1063291473780094, -0.27777749803063406, -0.3824727085959642, 0.39500964068170125, -0.5096354957237135, 0.8908309430694652, -0.9376445454403394, -0.22186441828413495]}