{"X": [0.7685820037771429, 0.12278760030307291, -0.6054839853839807, -0.19007625784618917, 0.05837507389785359, -0.0668818192438794, 0.2293193881323108, -0.7763572935214714, 0.280032654068379, -0.5806258585049535, 0.13690395999692712, 0.9821809606929913, 0.84786073597418, 0.6888488129691217, -0.8493716017955545, 0.882158109469632, -0.14191469780239846, 0.9347117882967132, -0.15188776039321297, -0.690511984806031, 0.2029210227461746, -0.605658890846485, -0.16323169971608661, 0.4533420229870801, -0.900578076177816, 0.5969019296377878, -0.7496420839216769, 0.7446604569007828, 0.6661378176308786, 0.32622843213814595, -0.5493944728071598, -0.35426670387395315, 0.5176189246697761, -0.36053512024240325, -0.4606789827093433, -0.32168183011282075, -0.007305409503759128, 0.4649647832603736, -0.9233481700047809, 0.37286326169567524, 0.5110325288287928, -0.9761556339774551, -0.3664954778788159], "Y": [0.4520494971701179, -0.3026667366773326, 0.7462582547940623, -0.928721072718931, -0.29705695126508774, 0.27615351551064443, -0.972257063715504, -0.19972683572441868, 0.9262190858434, 0.4005635048914436, -0.8104743839400114, 0.18609395363634654, 0.18463266801682088, -0.6761576611420571, -0.10980115052946061, -0.14320654109732078, 0.8076683107790872, -0.3265276881940871, 0.7857824224851291, -0.6750313052416766, -0.7420463009884671, 0.7506930662508168, 0.9855367917434943, 0.10986803886395898, 0.27825841248344246, -0.7515417605657269, -0.5925801094082648, 0.6572478178694593, -0.34922302842938, 0.5807537663248636, 0.4124440205511679, -0.05065485755919113, -0.4579700633090598, -0.5801722251797339, -0.11492795259654918, -0.9227117284378804, 0.39048931782325585, 0.6077890192506294, 0.3258413062676661, 0.8808585901951482, 0.08000190502414986, -0.2100076978551076, -0.6140998971670923], "Z": [-0.452695212674218, 0.9451539830741377, -0.2765642070030966, 0.31835229744889093, -0.9530737214153538, -0.9587836346776791, -0.04613914045503063, 0.5978114618234807, 0.2523884261903388, -0.7088176711852406, -0.5695512081579838, -0.02626025270605922, 0.4970341540521256, -0.26133910949173916, -0.5162476047456888, -0.44865237822160964, 0.5723042183235328, 0.14033367971298158, -0.5995632516725287, 0.2598575297792117, 0.6388977584222533, 0.26388866633781766, -0.04552630369070305, 0.8845394418736621, 0.33396314855094156, 0.2808790994724477, -0.29476356618017535, 0.1162157899519318, 0.6590172109562715, -0.745855262744839, 0.7266743721644041, 0.9337714859278704, -0.7227268294012619, 0.7303523917957632, -0.8800945634429577, -0.21242378957745228, 0.9205784722976692, 0.6437392782843004, -0.20311474608851918, -0.2916524166830756, -0.8558302691955666, 0.054926724785577925, -0.6989723749861259]}