{"X": [0.8062345572649818, 0.05665054832166866, -0.8628851055574338], "Y": [0.22392146392920287, -0.7028112104756443, 0.47888974657336686], "Z": [0.5475810594455781, -0.7091171396917536, 0.161536080285591]}