{"X": [0.14242161358600453, -0.04977132906716905, -0.7757556889586342, 0.7465463993231507, -0.1399384201615882, -0.19020441167139363, 0.3530795676449073, -0.9190553055851401, 0.8862851476300352, 0.3018815315080139, -0.5427764198842832, 0.7832062073305428, -0.6128487243020493], "Y": [0.9480080111382965, 0.6930522921317702, 0.6231699029981718, -0.6604653516362895, -0.7544111077367767, -0.9356641981935535, -0.37918027055841785, -0.3643390634785538, 0.28659587856588004, -0.007561109085157313, 0.31783127248426096, 0.3587700693205553, -0.13128843552485914], "Z": [-0.28459953408459804, 0.7191671121330475, 0.09930953149403071, -0.08033674716834845, -0.6413120294256521, 0.2972453363798226, 0.855311137148892, -0.1503143110265128, -0.363815117167303, -0.9533154622493953, -0.7774169024716635, 0.5078110614772298, 0.7792174201202036]}