{"X": [-0.8449286616593736, -0.5104758068867191, -0.4923861305720293, 0.2255370739893875, -0.3917142512864974, -0.5753937106628929, 0.46534861460956556, -0.28371047614330397, -0.27236297488923755, -0.8253400839650713, 0.18933542556746447, 0.5243666919127351, 0.8270002817502097, 0.7739074109583305, -0.20220482311540636, -0.4036290890489299, 0.11783291369818465, 0.5820451304065166, 0.05933882161555913, -0.11583821043086218, 0.12093150318892958, -0.7698358593814806, 0.3976664185154427, 0.6667289048358727, -0.994604780008141, 0.9909715026292991, -0.8853488366887529, 0.8762052834815622, 0.7549725423093913, 0.30909396587343985, -0.7857870186508182, 0.3014311721094058, 0.8551679183772168, -0.06578417653563129, 0.5044124746051258, -0.6521341886626304, -0.4409500195735622, -0.03818885137385373], "Y": [-0.4541957802036582, -0.3839104041519319, 0.8110488335681125, -0.9537170636089891, -0.5420665990349018, 0.01915391873478612, -0.8232076028692606, 0.16988794322397793, 0.5293879683276264, 0.36947821510555867, -0.600164589233281, -0.12909287671077221, -0.38767590518464207, -0.6146791835614592, 0.9643217422497751, -0.8788685904353596, 0.7509582036710848, 0.701577094487995, 0.9053356429979268, -0.9394483100174832, -0.2681735623203969, 0.6157732953228933, 0.9086448061660124, 0.5127287101068463, 0.07532624736975449, -0.07385069146715155, -0.2472718582725604, 0.4803335105654991, -0.06677769487712398, 0.4349233953367701, 0.1224928805597549, 0.263984055848275, 0.1912583449706812, -0.736835273863841, -0.5814633981396321, -0.7211091871933664, 0.6328367712612408, -0.054907904684652516], "Z": [0.28249203520044575, 0.769433071921953, -0.3158412385805702, 0.1988888906835997, -0.7434539310204729, -0.8176522519547589, -0.32523823492818854, 0.9437406701386066, -0.8034717100803441, -0.42696556578129324, -0.777145136030352, -0.8416499281738413, -0.40715835558704006, 0.15243628360725606, 0.17087067312217602, 0.25430996681155715, 0.6497516300775964, -0.4111119636544821, -0.42053094745429526, -0.322518808458468, 0.95575023516024, 0.16785707723406376, 0.1273814578839112, 0.5409083446282998, 0.07132522724918645, 0.11189976026092646, -0.3937182564732131, 0.0392940176975925, 0.6523474532990776, -0.8457556150859208, 0.6062460354773732, 0.9162159498385982, -0.48177596126981426, 0.6728641923208037, 0.6383324933658362, -0.23392849361002477, 0.6364595047430143, -0.9977608599428458]}