{"X": [0.81508334531889, 0.014881502955866708, -0.9678493223716557, 0.5282077538520418, 0.402996370273386, -0.04588140455165646, 0.3271831909414502, -0.4695670394535561, 0.9630703677130275, -0.7532953265467952, 0.11987089162526747, -0.5215666959633116, 0.6593118465137353, -0.6942776453117318, -0.47648206867502696, 0.743387962331638, 0.6810997710522225, -0.4080164480573947, 0.16978559471804597, 0.28491454245606684, 0.39477531862241305, -0.6917922299788499, -0.8395017927121804, 0.7767481807158189, -0.9614317292821707, 0.4099849681152198, -0.748025329600084, 0.9499513822499824, 0.5348626611169042, 0.3787125696281072, -0.7443822952592982, 0.9671380083696671, 0.5602108551182304, -0.29775036650379233, -0.12610273461244867, -0.737437971190356, -0.08444748002417266, -0.31691835737097973, -0.8861062232827872, 0.8432739979727233, 0.1620810809255763, -0.9477692736540831, -0.09937101054546031, -0.4050650282747321, -0.44412852429361216, 0.3997352211657749, 0.022619904201029252, 0.4949383103213856, 0.044714569375921644, -0.056579043207405796, 0.7323843160895076, -0.5616599352195348, -0.3430784062225531, -0.0915762313876049, 0.7320006006978486, 0.1282385939724428, -0.7928829460267554, -0.11196589193709945, 0.33940580432554746, -0.3202004185900313, 0.8566580123024413, -0.4948847235930893], "Y": [0.4781232270301048, -0.43562420319107475, 0.022049652306570324, -0.8021173970147332, -0.7630295356036967, 0.385347728058513, -0.9382883740439811, 0.19764033825258262, -0.21483331791446925, 0.4208528934917499, -0.04245989276671118, -0.4903441263013537, 0.5402264342619065, -0.5438630223237988, 0.3069489745895167, -0.3976992931372848, 0.25272176317892414, 0.689451924149423, 0.7283171113253779, 0.2699482167191488, -0.1662400460062984, 0.6857655324815232, -0.4147373632052272, -0.16516215753835178, 0.15071483545849484, 0.354907044072492, -0.057652727340907844, 0.2827462749921136, -0.533236320385311, 0.8791145614990704, 0.3696761352626199, 0.035198358170415264, -0.06542482151687902, -0.7173634982121119, -0.9767825127519264, -0.6752658376259568, 0.0037042348784311462, 0.9348051442427923, 0.45495491196603544, 0.1007860179617703, -0.7606939907326323, -0.28825016598708464, -0.47226698707503995, -0.8909124229601623, -0.30241817572688007, 0.6333596816244356, 0.8525846985323311, 0.8266041783610525, -0.9632049161008152, -0.8071311693607306, -0.6637977494032755, 0.7916877673264379, -0.09518191405179355, 0.5048650576117358, 0.6751696353806088, 0.9882078996300583, -0.10715103814608744, 0.9443170825327677, -0.4609027112573447, 0.6981554672635111, -0.45297982034134376, -0.7917032248060776], "Z": [0.3271655849231184, 0.9000056080180365, -0.25056237151233723, 0.27857539406216414, -0.5053512178108244, -0.9216300913037235, -0.11209855797142436, 0.8604911923745806, -0.16230253339660058, -0.5053998348262284, -0.991881105197192, -0.6982340721159894, -0.5229371747842325, 0.47137200189364264, -0.8238611322483974, -0.5377821210290643, 0.6871934314938887, 0.598480260661357, -0.6638727567666085, 0.9197563067395632, 0.903613133431778, 0.22616176732866072, -0.35104082325936237, 0.6077694673738903, 0.23007404960623815, -0.8402102808150401, -0.6611613035461473, -0.1328416927753935, 0.6554242598232674, -0.2893689295103625, 0.5560886202052622, 0.2518037893854282, -0.8257623087409509, 0.6298685026890445, -0.1731878260886005, 0.014187571390708389, 0.9964210464264254, 0.16031873583113185, -0.08849739621871708, -0.5279499435803641, 0.6285494218192065, 0.13654759509280878, -0.8758363404096899, 0.20542000263860302, 0.8433819424784978, 0.662621510858305, 0.5220992930108894, 0.2678835592048551, 0.26502244600174435, -0.5876547347857536, -0.15161055844910754, -0.24035098550841874, -0.9344718350069358, 0.8583269001071461, -0.09121997609079265, 0.08366606316015819, 0.5998793953155495, -0.3094008511292948, -0.8199831649160592, -0.6403519621777054, 0.2468731097579374, -0.3581830735613406]}