{"X": [0.788435371479795, 0.2352187770355947, -0.7691929484616614, -0.25446120009491674], "Y": [0.35211407858516447, -0.08664309900688982, 0.6309940090120176, -0.8964649887025551], "Z": [0.5043662762929716, -0.9680728796554325, 0.10093943049075599, 0.36276717282133264]}