{"X": [0.7339770947806783, -0.20050658822007394, -0.908917099378419, 0.11642634024052455, -0.461453251301211, 0.24690739929339722, 0.1479954094820311, -0.7784512820410913, -0.26102230043146174, 0.5140141936831264, -0.07797551071379862, 0.740000351357871, -0.7339510145203776, 0.9229820442413076], "Y": [0.6104715880891953, -0.01997558742185619, 0.1679179431672095, -0.9738583942979129, -0.5306058029890494, -0.7185394253751913, 0.8260248525642383, 0.4232227262744089, 0.9345106032863792, -0.2754033812135203, 0.38381897860002095, 0.16681667738871347, -0.6104685519945938, -0.38392922418483605], "Z": [-0.29766098916917416, 0.9794886849716528, -0.3816716793528371, -0.19505059639408595, -0.7109981566065329, 0.6501829206889865, 0.5438568761342217, 0.46356890043815324, -0.24198613807983976, -0.8123683809137614, -0.9201102169823783, 0.6515916483006955, 0.2977315154801932, -0.02650465666570437]}