{"X": [0.8880378197780032, -0.2601543911583352, -0.8435066599831178, 0.2798358938117016, 0.4592424358704525, -0.489833670097327, 0.4916514604339463, 0.07029945030228037, 0.221100092135122, -0.6002264952445141, -0.4346335116898618, -0.1607011414811712, 0.8971391117872881, 0.82441931350019, -0.4898560990612131, 0.5884503378598713, -0.3108749124088376, 0.9969312180459824, -0.15633671523098358, 0.10471376745847716, 0.3819906667703129, -0.6813706254739176, 0.13466666064873892, -0.06355031059605258, -0.9430423089169921, 0.8274655269079529, -0.7180826316051339, 0.8197409131770701, 0.5650780839313124, 0.45953333419180675, -0.6536847861129023, 0.6283858353031085, 0.7103268291582042, -0.40748928757924935, 0.057249295656183426, -0.6607481616362038, -0.4229137403301621, -0.12350253997275476, -0.8966326606671974, 0.3609804426813527, 0.4611091471990104, -0.970394882560907, -0.00911599321475436, -0.12302494035558734, -0.8174566543059378], "Y": [0.45045410354543536, -0.9440773101101348, -0.1255140870796809, -0.9569502010566836, -0.38591917708465473, 0.027005136333840312, -0.7873843009546295, -0.3353024785272435, 0.6821510827342349, 0.48246887479630374, -0.5039633463564812, -0.9374502505405472, -0.10358179142913874, -0.30092573808588835, 0.8502935029389701, -0.6791972804111549, 0.6867678001691715, -0.03073738858964809, 0.7813061579346338, -0.7807285638225753, 0.17528400870050748, 0.6856076487740868, 0.9690655430409956, 0.3585796656276843, 0.21174047728075646, -0.5613794945132259, -0.6689566840077099, 0.27233133606398524, -0.2902848517807551, 0.13655516651722951, 0.28206131413451785, 0.7352520154301098, 0.4068307115229509, -0.640021183106915, -0.7065492401402192, -0.6787257184561103, -0.16916576666725744, 0.9605683933725565, 0.37606104616817526, 0.6330663693272692, 0.8492414176925649, -0.23803622483271306, -0.19554159804297458, 0.26550760452792854, -0.247975415508144], "Z": [0.0920865421384087, 0.2025777018732515, -0.5222477654415375, 0.07705962128234951, -0.8001017271910343, -0.8713975546503293, -0.3718935386146913, 0.9394840260380612, 0.6969825317627061, -0.6379278480042051, -0.7464011361495347, -0.30880766002175797, 0.42943244705756245, -0.4793500763380963, -0.19246288232359754, 0.43865391159169487, 0.6570439692178862, -0.0719955514462029, -0.6042512052484527, 0.6160340384558235, 0.9073911211788729, 0.25627372608941207, -0.20682568457611333, -0.9313334426624461, 0.2565875559598046, 0.012404229884143246, 0.19197470955429222, -0.5038456893347683, 0.7722832795594774, -0.8776000235095788, 0.7022375776567629, -0.2540388076581534, 0.5743906057203416, 0.6514026141201618, -0.7053443764602861, -0.32053590438609847, 0.8902398056859911, 0.24910938214756934, -0.23372625308201903, -0.6847774032693869, 0.25723018649630547, -0.040896547128008165, -0.9806530385934205, 0.9562272616843475, 0.5198776891101464]}