{"X": [0.8653531528237403, -0.3502090523447376, -0.35870436082614504, 0.0038494136048916627, -0.2089075891358411, -0.45003699659461494, -0.3693877304559241, -0.9094126072156005, 0.3656411847509352, -0.7344674855828949, 0.37419140883831414, 0.763836267290367, 0.7439548776551389, 0.9956298558718487, -0.38413559137130693, 0.7375714151524518, -0.9831952406796977, 0.432954810168152, -0.19067307431989197, 0.4133753781922747, 0.24241583578076015, -0.7384745937522641, 0.18116143160428916, 0.825986141263885, -0.8386180896027261, 0.2252682511986964, -0.7893126879227356, 0.2656092828065478, 0.5388811615213452, 0.13942709920371568, -0.12985566223462477, -0.6693386294823565, 0.7646707676480766, -0.5712424260706731, -0.20782425549880135], "Y": [-0.46228315561556566, -0.253415859928735, 0.9300467250377435, -0.7420461610335812, -0.4055503814795609, 0.20953677947444682, -0.8002828845227887, -0.1736775811072022, 0.5777840628262052, 0.5236101762924572, -0.4394602606460401, -0.5310599098708757, 0.040354232162845415, 0.06295955422495442, 0.7723254136792284, 0.6212834175190023, 0.026085490461262992, 0.4696315087335112, 0.7369992722487512, -0.8956053948494431, -0.101778309614733, -0.26652376119707855, 0.9001757452850957, 0.055828273446032146, 0.5153826303894836, -0.8808858385730383, -0.6086387621124832, 0.9432803350706231, -0.5031957905581231, 0.11356285088435472, 0.39466487649714366, 0.23292064031937296, 0.5664051120163259, -0.6569950283136323, -0.9733676442850991], "Z": [0.19354122282378813, 0.9017394421851473, -0.07965093075962595, 0.670337733467409, -0.889880052188627, -0.8680789363552002, -0.47233463701967343, 0.3778952337064804, -0.7297068594702784, -0.4317289611602657, -0.816612190004847, -0.3667826725730869, -0.6670102517650496, -0.06897307176280429, 0.5059182768264309, 0.26456629162823947, -0.18068388387508955, 0.7694130089600419, -0.6484410932646175, 0.16435258872608918, 0.9648190183939593, -0.6193709382105292, 0.39606080757821416, 0.5609189766125163, 0.17635317996534905, -0.4162863850804593, -0.08089708238478413, -0.19918312768918064, 0.6755746369735852, -0.9836989188296665, 0.9096027386970104, 0.705502497795645, -0.3073497457071909, 0.4919752264373292, 0.09677038743978394]}