{"X": [0.06984064805492832, -0.3595567699725097, 0.36530544851524377, 0.04670292948073498, -0.06276339234493947, -0.7424947932756004, 0.4201536990215359, 0.07323524356416239, 0.5553454607252765, 0.7424948564425673, 0.21524048812303812, 0.6170992979329805, -0.7521048522467865, 0.8101596123165071, 0.761531361876631, 0.9842643648004602, -0.7440354327198869, -0.2637011130005802, -0.15725187290414816, -0.2953900620398841, -0.602048346388178, -0.9964008576521471, -0.6856262941502926], "Y": [0.9968403929069732, -0.4409432754610971, -0.5273583161143447, -0.9533889990002085, -0.4057855175796309, 0.16650538478324986, -0.7960833121767632, 0.19199370806338076, 0.6946259858936801, -0.16650501489358185, 0.2604314810436638, 0.6714761402032879, -0.6134501840198604, -0.5716806514732876, 0.043038951440025806, 0.1724412317947199, -0.40021323663256436, 0.7288392753385287, 0.7875904264973937, -0.8998982727323445, 0.258762990276108, 0.07531464408310702, 0.727446653348243], "Z": [0.03783536636982611, 0.8223672883770214, 0.7671017766307934, 0.2981077874918703, -0.9118107645251761, 0.6488277420061551, -0.4355711529385238, 0.9786598056343027, 0.45725940009262095, -0.6488277646429901, -0.9411944410980976, -0.4102538843549407, 0.240867521581551, 0.12970210215044495, 0.6466974822413235, -0.038570477843377124, -0.5350146166988504, 0.6318663100104831, -0.5957962475190584, -0.32082364311474404, -0.7553671315821381, -0.038897753877322645, -0.027165259103822736]}