{"X": [0.5377938663284424, 0.06326528200970029, -0.6349188097870875, 0.05803826976796974, -0.060424297112731694, -0.9276110732259696, 0.9662862514136802], "Y": [0.7874912875191415, 0.32285564709992015, 0.7375721341072132, -0.9506192908580955, -0.3276271054315677, -0.3195967955875792, -0.2553567753303744], "Z": [-0.3010568541338168, 0.9443313693973767, -0.22992488331426714, 0.30488444219210675, -0.9428729416549002, 0.1933793812140166, 0.032921081722365984]}