{"X": [0.432423689087481, -0.4247671668919565, -0.4569399551442391, 0.5941478134080269, -0.1794993484165157, 0.0968110128527349, 0.31055058380462197, -0.2280694968417941, -0.6827971813257139, -0.844553588405924, 0.7119486461045079, 0.8863655935672619, 0.9824890620362765, 0.7514033696921341, -0.10622411797746202, -0.12059950528063758, -0.5606619422342524, -0.38809775895451115, 0.4413771725810498, -0.26063990853306723, 0.10347855624574526, -0.6819012569265454, 0.3346574823865052, 0.8888778192660951, -0.8656205168169833, 0.47967421312453634, -0.9466983997742097, 0.837173441115822, 0.6089909744764135, 0.24215897914129422, -0.721092004297387, 0.058461081592933374, 0.6812611057678977, -0.6707409808477784, 0.06957841714966016, -0.48385145692969767, -0.20636570334123075, 0.27968641892208546, -0.9623951104440439], "Y": [0.1385561043456963, -0.4200412674688001, 0.6867698856984367, -0.4379203280814151, -0.30194500843327393, 0.6315888987830696, -0.5200593541180665, 0.9206900242709248, -0.2917759327756115, 0.28468724119010796, -0.12926554295385986, -0.42398107911717176, 0.02889057780097435, -0.5705306392914136, 0.9653501405624889, -0.9926790516763752, 0.575780438492131, 0.22631384329847287, 0.8350460065948055, -0.7702039566456428, -0.32377776027382826, 0.7312033891590163, 0.9148886800376814, 0.08013918977327597, -0.3696076146876077, -0.8549544853313124, 0.2657166484528177, 0.5468418935247705, 0.5647689476204532, 0.1136571317030587, 0.0540664174085971, 0.646472371392164, 0.41689856090101557, -0.7177619471442239, -0.8024667434551743, -0.7914276216137621, 0.1810162164329016, -0.8891093937464399, -0.20183487582629123], "Z": [0.8909612556472464, 0.8019589687470206, -0.56529019228228, 0.6746956069780847, -0.9362741029208683, -0.7692353935723559, -0.7956736787734705, 0.31672414467219706, -0.6698170005505849, -0.4535222276958901, -0.6902315153010632, 0.18600021260954025, -0.18406677455044315, -0.3314932361980216, -0.23836011175507793, 0.006637747280383797, 0.5950924912817548, -0.8933992242138789, -0.32845754427996665, -0.582110559298894, 0.9404574154895903, -0.01876910984479637, 0.22579431485676313, 0.45108084938205256, 0.33777408430848527, 0.19739675092368597, 0.1820900947332181, 0.010226092926283242, 0.556925514597737, -0.9635564774491842, 0.6907265333306493, 0.7606942716792184, -0.6017299192217085, -0.18688050685690136, 0.5926263321144237, 0.37353726370175266, 0.9615853190813576, -0.36229821007338403, -0.18181951021158943]}