{"X": [0.9825483089053464, -0.0220163500066103, -0.9774155357286304, -0.15971958780452586, 0.18216590708401884], "Y": [-0.1052791556400193, 0.7526229851942078, 0.1222157502855257, -0.9387280053666931, 0.18727802269092125], "Z": [0.15334640541913136, 0.6580835224268614, -0.17240122069886965, 0.3054167402285314, -0.9652681101710734]}