{"X": [0.5143714435738517, -0.20909451776730462, -0.2098436320458957, 0.15974030363185743, -0.23032490162439628, -0.1253233717257914, 0.3983350968152346, -0.6891496846599442, -0.07640716581801914, -0.7197999434268194, -0.10787867381029179, 0.934380079237074, 0.4303657917424657, 0.9049640746700255, -0.9990411773605024, 0.8732055245721472, 0.33064855840576746, 0.5105572129405034, -0.22890342782012105, -0.2653329726844709, -0.7234161059303287, -0.7501203768157562, 0.513754816629816, 0.4689869011022549, -0.6854585880133841, 0.7651461206888074, -0.7839007503959439], "Y": [0.7963261584233302, -0.5785898915830185, 0.9760648334273795, -0.9250920470572902, -0.5753737795328259, 0.08601040673518302, -0.8383243482757984, 0.5573065442003109, 0.7125520723101454, 0.09661674462563048, 0.0882711803490421, 0.03762786914712409, -0.34102943194093316, -0.2128198234830216, 0.012559874289260172, 0.45404227159054, 0.8750140267593958, 0.30643769921356645, 0.6915510515201695, -0.9470891407907664, -0.07727379806489904, 0.6201492502210539, 0.3542821604020868, -0.391475711325942, -0.6638069034662731, -0.6171395963024662, -0.49667811582587684], "Z": [0.3182556636518713, 0.7883610974658818, 0.057123471849745665, 0.34451087046268153, -0.784790069711527, 0.9883806262935992, -0.37221154970413767, 0.46312215227152165, 0.6974464060113689, -0.6874250839914801, -0.9902375424395501, 0.3542852113599527, -0.8357536789317324, -0.3684396100981546, 0.04194014182116123, -0.17708113243816748, -0.35358447901243556, 0.803384882117607, -0.6850987986221744, -0.1806116635287692, 0.6860742655232193, -0.22963956047696293, -0.7813706797740071, 0.7917057875475912, 0.29917706969153857, 0.18354872015489004, -0.37257276173699655]}