{"X": [-0.35305200883214855, -0.1616367598007478, -0.8997511931061586, 0.3622884370956423, -0.10374084714020952, -0.7564315395138305, 0.8771709600128832, 0.6153441098833701, 0.11776802141793112, 0.7586599059404192, -0.44181883345779654], "Y": [0.8750286407751098, -0.1760943880223475, 0.3235312354274538, -0.8608882797313113, -0.7983748824187457, -0.6384090130289992, 0.05602797859470943, 0.6620807621768248, 0.7803336133336191, -0.2998597152978128, 0.07414039962901592], "Z": [-0.331178436621179, 0.9710120104242534, 0.292874256647507, 0.3572372575307067, -0.5931571324341349, 0.14228583243624543, 0.47689828320582994, -0.427785800123377, 0.6141743604490533, -0.5783764330088054, -0.8940354129142994]}