{"X": [0.3416001933580673, 0.29050671849091825, -0.31193284263319027, 0.19841822389201616, -0.33945321113772886, -0.8992108580948319, 0.6402219707308504, -0.03051476087891218, 0.4001335745958401, 0.4143775650863867, 0.0355975453989696, 0.6529088825931215, -0.5457608885357939, 0.9379498552272489, -0.3170825299471068, 0.847654892052337, -0.4004241324308415, -0.3163291142238385, -0.6386436898225226, 0.015806428673726784, -0.6928285788089554, -0.8868322517613284, 0.9030971212444306, 0.5949816246359984, -0.8984199328108463], "Y": [0.8225374355557193, -0.3014319735258298, 0.9492514191782588, -0.8708056452559046, -0.5541284507331127, -0.15390403489271579, -0.7639971085609987, 0.67380187033491, 0.8864350032478191, -0.47689664610573895, 0.12779958392826724, 0.2759509527793653, -0.8353634076641105, -0.1890162047071669, 0.7054147649262064, -0.29216748216483984, -0.5845923532767333, 0.07338236644229747, 0.09230161864440956, -0.9504113296387564, 0.5228578322456346, 0.42915715776206964, 0.42704534204846084, 0.3303388114673266, -0.34253495913986537], "Z": [-0.4546883273266997, 0.9081545087968027, 0.04024481177541969, 0.4498085555188842, -0.7600744552584338, 0.40955265928583345, -0.0801513961446718, 0.738281713779828, 0.23265018267389007, -0.7751521286084266, -0.9911609763854357, -0.7053800838492409, 0.06567366047683143, -0.2907282983083716, -0.6339153560424664, 0.44285363986897414, 0.7056290063888949, 0.9458070203745, -0.7639467577295525, -0.31059372386909806, 0.496596664955534, -0.1713262711247576, 0.045253347221344414, 0.7327162724983404, -0.2747934244031418]}