{"X": [0.6649322532481196, -0.6949359114468783, -0.9456868485661022, 0.5494042516420791, 0.5245624164780024, -0.3013023794647197, 0.5753342161044829, 0.009076176832334302, -0.3741381375273535, -0.8419113252708328, 0.4420602720934334, -0.4404710137002175, 0.927614679795562, -0.7643486711567788, -0.6854563500000309, 0.9867469901719379, 0.6999750545354713, 0.6174554722299499, 0.36006105395000315, 0.28973084935039256, 0.335950369750725, -0.5187844467979036, -0.22836094301481585, 0.24714565792460802, -0.7973514031980992, 0.8234654662220576, -0.7398940558739057, -0.6034175149009057, 0.8873404434702422, 0.23777542368255916, -0.07069307029489134, 0.9433039679094898, 0.6641846015828878, -0.3957971367891714, 0.122104882189229, -0.5958580404571001, 0.3176218459343455, -0.2705197789386744, -0.6138378253196729, 0.8345890356323018, 0.07990456119010361, -0.9171114051941168, -0.008767197106046419, 0.16390221037890373, -0.9928215766102956, -0.07905671968207667, 0.2871809966344273, 0.514650747852497, -0.3257201667323781, 0.43239602324243026, 0.8055812996297539, -0.8844200615191825, -0.41008456364599905, -0.5160002333495173, 0.6669768333550987, -0.11990810856552023, -0.8560317306783382, 0.08470272972328224, 0.08575933795528938, -0.0908938370051416, -0.18367575383119514, 0.8238289341787218, -0.17373255242836855, -0.5597874553507287], "Y": [0.6169153188249462, -0.6420210649710477, -0.04134511085021707, -0.6219914605720706, -0.4760066203267407, 0.28470010703354126, -0.8178854787252231, -0.8273173691399135, -0.6205497547876623, 0.39873967090072293, -0.08937923354662528, 0.5619476698453583, 0.22644334018604412, -0.5091245375086603, 0.1474140745010405, -0.15229019360572651, 0.240411358594075, -0.2064730489794266, 0.5904864480478601, -0.9099040404830817, 0.5553821214290449, 0.6062778953552028, 0.9122614337670227, -0.3831941893919719, 0.3333385754565629, -0.14946528099321688, -0.3091031858769906, 0.7830529110508827, -0.17036416499453583, 0.8797167829524124, 0.3964764933995463, 0.21903720014421998, 0.25315404381637563, -0.7385782014673653, -0.983579783021836, -0.7969936979098151, 0.11028073655215977, 0.9399892501041965, 0.7215883274602777, 0.5508507394144055, -0.764598285472188, -0.398348664615984, -0.11196147927403277, 0.2886474320225782, 0.03898047069743557, 0.7892712782040453, 0.8733979850855723, 0.857291741740192, -0.9085458212354321, -0.7918779853769057, -0.5178551033138166, 0.46247183421116445, -0.2068698217233632, 0.1393892394449128, 0.6263803660615136, -0.05412238647148843, -0.0952426338924466, 0.9964009114532443, -0.5106374486376034, 0.6755454482380184, -0.47878784299028293, -0.5302737615235271, -0.9601229714523819, -0.3007620768725066], "Z": [0.4210470139895232, -0.3238410584143685, -0.32243908922135583, 0.5579261521501115, -0.7058696541316059, -0.9100344637341975, -0.007340536073939563, -0.5616614582945141, -0.6891579324657996, -0.36358217122226044, -0.892521186553741, 0.7001429157288354, -0.29707645398645177, 0.3956808236539383, -0.7130348398806589, -0.05601851763615109, 0.6724859118873907, 0.759024123370548, -0.7222754267592347, 0.2968681054732265, 0.7607154844364118, -0.6027352746971584, -0.34004463849136063, 0.8899894589180494, 0.5031064836896975, -0.5473250914377197, -0.5975048171882436, -0.1507164264622592, 0.4284891931749837, -0.41177813162483246, 0.9153190044972743, 0.24939993800960134, -0.7034002026724169, 0.545753485400438, -0.13289547838911797, 0.098763561674655, 0.941782629979324, 0.20794051767638083, 0.32017715390060814, 0.004960291215950329, 0.6395347707154065, -0.015000395379274785, -0.9936738717575673, -0.9433020329776041, 0.11307448837493464, 0.6089342201545763, 0.3933230667282553, -0.013619004329747815, -0.261631159649355, -0.4312342001274304, -0.2878625742584004, 0.06261754820947987, -0.888276717875356, 0.8451712247291745, -0.4034718587215835, 0.9913086364916178, 0.5080733379750196, -0.003266685257069438, -0.8555084640156108, -0.7316943745576959, 0.8585018455770811, 0.2002888540324714, 0.21904538323409836, 0.7721270478019098]}