{"X": [0.6466611040612518, -0.5979925289692591, 0.12024238408198623, 0.321083713071409, 0.1962433337918827, -0.9643741187272551, 0.5857187234631144, 0.1400711019121886, 0.5925866776325822, -0.5588472762078263, -0.2656094494596729, 0.936995836292774, 0.7705113092078826, 0.3270736706021756, -0.7611952359241438, 0.8892623551050263, -0.8734047650564865, 0.4367462646475876, -0.4659861405013196, -0.09059750661513938, -0.24132720634101573, -0.9052492493142739, 0.05376419510763337, 0.6564411216008887, -0.756013435208974, 0.062427632096319796, -0.6486779857821513, 0.9457783353746302, -0.43511340136992516, -0.03265944876168729, -0.23097251689972184, -0.4229379014015716, 0.5686914435637191], "Y": [0.605470549773646, -0.46004428299551137, 0.9452856975321042, -0.90949443806879, -0.04772661592579717, -0.22119844487433832, -0.7741346420182412, 0.5406825025162676, 0.7942393617850572, 0.638085072049914, -0.562398293582896, -0.3488279419892536, -0.15281987853299558, -0.5994666366244725, -0.4287519060424029, 0.06744414506976017, 0.4711442806785698, 0.0013987938816139303, 0.04561958531113419, -0.9525739446928295, -0.8846455356460781, 0.15022390090400858, 0.9195726541162517, -0.5111855292536107, 0.13883770824166117, -0.5344008679667586, -0.7609658915056164, 0.2860724356427821, 0.9000486384679186, 0.5183032190216454, 0.029239657715456415, 0.6606603883155057, 0.45596438015836666], "Z": [0.46393407920854646, 0.6563262854557143, 0.30327663792571213, 0.26405513879152775, -0.9793930386083615, 0.14509930087427816, -0.24010233862257419, 0.8294832836663146, -0.13425671559979058, -0.5296575900543198, -0.7830451964815162, -0.018917443208510812, -0.6188363330541568, -0.7305221184693604, -0.48657334069119895, 0.4523977797125792, 0.12323628994941797, 0.8995836501916074, -0.8836151709294747, -0.2905081267150058, 0.3989529492823741, -0.39743751233763297, -0.3892242864031239, 0.5547741960050714, 0.6396622363042309, 0.842922596130405, -0.01215659190207568, -0.15383725784542626, 0.024264713893643364, -0.8545730709297965, 0.972520816668564, 0.6202026949867598, -0.6846068404889116]}