{"X": [0.45626848570930884, -0.4273668003263316, -0.9664304673579708, 0.16568231851424012, -0.23720051198573838, -0.20276672087187114, 0.23719273227625418, -0.5190944091935074, -0.809611853250678, 0.7230583865913595, 0.016074664590355635, 0.3063264535837532, -0.7173419920523633, 0.8399821069736377, -0.3938410260356275, 0.6194604800345751, 0.909600617225764], "Y": [-0.2076994991189551, 0.07948626324293967, 0.07729525123098291, -0.9855403309289265, -0.6349225187658192, -0.7078298635428253, 0.6349329574381474, 0.795015918843455, 0.017359045076851518, 0.3900778847467104, 0.171142504590904, 0.9480882730844152, -0.6967191098952078, -0.5142609762224614, 0.754719316317176, -0.44889139271996953, 0.3277555063141278], "Z": [0.8652629583047396, 0.9005773436715513, 0.24502570456871137, -0.03549120234998932, -0.7352613904440866, 0.6766554080060351, 0.7352548859505614, 0.3138322531696521, -0.5867088806469718, -0.5701103519595415, -0.9851151446814024, -0.08539748400633496, 0.0017170745984670542, 0.17310606083800079, -0.5246789492527202, -0.6440226946445754, 0.255348869633838]}