{"X": [0.37365488036336936, 0.20495968091125863, -0.9669593545213927, -0.06989817730196606, -0.09858206058985504, -0.5351615064097699, 0.2895303665751895, -0.689898028688839, -0.3647878300165282, -0.5802857708801319, 0.22661434790032056, 0.8255084902606309, 0.8819008926743067, -0.8322433235008582, -0.7752489299982593, 0.9076671410394682, 0.5210021294181973, 0.6714959514040522, 0.28146922342309816, 0.6920786750899818, 0.0847799965952758, -0.14079760788090886, -0.4489930335478153, -0.01689224595890485, -0.8415468146761553, 0.5679614146121542, -0.8015652897162776, 0.8719095316989974, 0.38866687504114317, 0.4614967858849888, -0.36077122998213024, 0.9045553434851917, 0.6097050286433385, -0.45128812357923603, -0.08613049137348255, -0.7822434722262224, -0.04492388418991618, -0.10174078480590551, -0.5219575049104884, 0.6115359221965542, -0.11764439427779053, -0.9772882031092414, -0.20884497495292428, -0.6577355061464087, -0.8710271865804731, 0.2085050733616111, -0.2556088730688213, -0.17881819514716582, 0.31189394533204484, 0.6387286790141649, 0.6365734844996035, -0.7230132198944998, -0.47591613316801207, 0.32614212963228595, 0.6499242802617721, 0.7467797655969739, -0.9334234164243005, 0.06135648531411319, 0.2700503773223779, 0.15803941831540094, -0.37731121973146053, -0.4888843070518088, 0.9121987840898046, -0.5293812371711142, 0.9971958969125836], "Y": [0.8787901357498491, -0.48607720762000445, 0.23979384830977524, -0.9517580903505461, -0.7655183013393163, 0.34678743271855383, -0.8547259288709383, -0.12523097019244225, 0.9310885625869474, -0.11252133418783435, -0.07737137530594557, 0.5640060042589576, -0.18219121350146805, -0.4052421455691847, 0.457568217042672, -0.4136480812805738, 0.38252994712825844, 0.6162420329578993, 0.7130525483413802, -0.6630403040618287, 0.31437471226996594, -0.34881952644758185, 0.777305882557017, 0.9149110830532378, 0.4567917604213195, 0.2905835381382624, -0.4208599714132421, 0.2508553493966284, -0.051990674567520975, 0.8735481133245209, 0.14037759476546688, 0.2586787116647095, -0.15055841415030655, -0.8857776179830303, -0.9777004321869637, -0.6228849761974333, -0.14902878550996385, 0.8966403040658667, 0.7470847618344967, -0.4246835872769961, -0.7269959612145895, -0.20593572756459383, 0.11290091087148338, 0.3462311073606521, 0.017975052480171554, 0.693056822429713, 0.5860400853160381, 0.6183434711111896, -0.9479453727731302, -0.7541432965839483, -0.5488558813913936, 0.6884130133394282, -0.5296701367633044, -0.7946144985868191, 0.616944109398788, 0.013659449215018465, 0.032777341749253765, 0.9980351754290736, -0.5267590940563889, 0.36843146667289, -0.3970502160328273, -0.8018532341835785, -0.23812382189236647, -0.6854531202155145, 0.06535785599586172], "Z": [0.2968331647397206, 0.8495413335636438, -0.08653621794578532, 0.2987821652343804, -0.6358170394417139, -0.770286075796324, -0.430831467451657, 0.7129922258453549, 0.0019818404589243047, -0.806602363910893, -0.9709065905683095, -0.020807682894987228, -0.4348070574670147, 0.37835149522993816, -0.43545427232827133, -0.07096214434568607, 0.7630384136409881, 0.4115081336545877, -0.642130157810285, 0.28531502357095273, 0.9455056279380262, -0.9265532750921011, -0.44068222197836293, -0.4033018251047412, 0.28834050412595313, -0.7700526208479584, -0.4246998596469099, -0.42052985888225625, 0.919910338024183, -0.15470749925260485, 0.9220294195442156, 0.3389173272405427, -0.7781978809888721, 0.108337625027694, -0.19152911882318782, -0.010462150208549494, 0.9878118574499478, 0.43091179820439907, 0.41161234396250923, 0.6675834528811749, 0.6764884839172703, -0.04998243867551697, -0.9714098829851907, 0.6689604055922475, -0.49090583386841213, 0.6900709204611496, 0.7689090469042864, -0.7652943256149726, 0.06420075625117257, -0.15262228809159947, -0.5417854005915163, -0.057787601807968, -0.7021063882429425, 0.5120733442726105, -0.44382248231061244, 0.6649311251115195, 0.35727632378684077, 0.012695287163251872, -0.8059762096594004, -0.9161232431413325, 0.8366524782805838, -0.343545521216342, 0.33345228107250185, 0.49990951753091895, -0.036451252932267364]}