{"X": [0.4181448306834119, 0.46962929582603624, -0.982295527474188, 0.3867154648740305, -0.2690768738678818, -0.5064212036941353, -0.23693684958436198, -0.620656587461261, 0.7474635479632298, -0.7930825649681291, 0.3383788438679802, 0.2074017536744772, 0.851363178006171, -0.8275843392967921, -0.8013628833361762, 0.7366587031607329, 0.9586857508633396, 0.4901026159901482, 0.10356352402168502, 0.7511645240814571, 0.09164213643377003, -0.3089506089627979, 0.0015869815332398873, 0.5099757086550027, -0.9436761540175517, 0.7595349081593458, -0.8943964429616973, 0.7281560901635463, -0.5215583341503849, 0.3367896324385357, -0.3470724216145092, -0.7335112155054658, 0.5797202337018241, -0.3909024602030769, 0.13721788177839817, -0.6432341976839571, -0.08509925178968465, -0.3557200999113566, -0.7197454997245862, -0.5705790951908376, 0.00402841092812884, -0.9492272540357877, -0.09988926395678026, 0.615758636027452, 0.03151880295784376, 0.41260888938123486, 0.2009463306460669, 0.04707638388417943, 0.12724699240935328, 0.8305598180480305, 0.43865042118806946, -0.39134810459103353, -0.42398781980046923, -0.8633196454869126, 0.5322213071606473, 0.9662893207763352, -0.683694908996547, 0.016306676139230484, 0.021780677788697047, -0.19051402679879778, -0.6888733276384744, 0.7611648999136256, 0.43728044012404027, -0.33257259586183574, 0.9609701658634895, -0.2136177119796776, 0.8914971403221376, -0.5126931134897839], "Y": [0.7812714522848809, -0.33591954800007384, 0.011107031133038615, -0.6972132111823436, -0.7601724950414294, 0.5356638323860203, -0.9503001863756649, -0.7789358047914622, 0.6359196289835877, 0.2349103191740214, -0.24051600938010043, 0.48980908261026995, 0.2235692404414399, 0.06404719670720524, -0.20474717508921653, -0.22916314232010246, 0.27852231073100886, -0.8449066258055923, 0.6259926082418344, -0.4601663760586328, -0.2060826551597145, 0.514063214846703, 0.7787035115472207, -0.8309971665061292, 0.2714989512128331, -0.5442945822908162, -0.42476123198358023, 0.6322933823796176, 0.04220416864954421, 0.833911761251079, -0.9071320248342438, -0.6106129917558526, 0.12127187045670118, -0.6813576413241142, -0.8749535560023189, -0.5981808796478087, 0.17740588038372798, 0.9344168145364182, 0.677907953158648, 0.7619840799361709, -0.5995783533884702, -0.20836615710571144, -0.11769407042406412, 0.43830600747138027, -0.895008729457599, 0.10958892729222976, 0.22192015788944522, 0.9686380201822995, -0.9915353982191412, -0.5539457266810623, -0.6093116207792258, 0.808918518185948, -0.38750732230541896, 0.4583382662981988, 0.5209012047388915, -0.14400443932073784, 0.4756765573524104, 0.9804680363217352, -0.5475737627164435, 0.8226439064909347, -0.33530877365243006, -0.03790954774898967, 0.8993105992740147, -0.28932062661111696, -0.15449570942729815, 0.3464371274208563, 0.26391658654285816, 0.10943350584095335], "Z": [0.4634326471208239, 0.8164596632861708, -0.18700837030362136, 0.6036098801213144, -0.5913843198225467, -0.6757231852781913, -0.20196654446569645, -0.08969064864755737, 0.19210536155869448, -0.5619939386587124, -0.9097537069198677, 0.8468007883588899, -0.47454982231971227, 0.5576756386508567, -0.5620463713112254, -0.6362532587417717, -0.05785286092021974, -0.21431803346760642, -0.7729216331031207, 0.4732850769954016, 0.9742338826340298, 0.8001803124065157, 0.6273900880581719, 0.2221902019455681, 0.1891127595615214, -0.3561602602428295, -0.14011744581334143, -0.2645633892976877, -0.8521711754259683, -0.43722296134699884, 0.23801727600064124, 0.2985181251225143, -0.8057403949614514, 0.6188271416287602, -0.4643571123167455, -0.4779428858699019, 0.9804515648159834, 0.018122561371605856, 0.14969042277466596, -0.30630011109209887, 0.8003059227903823, 0.23569294594594173, -0.9880132796340282, 0.6547741182821069, 0.4449336346634174, 0.9042920830232467, -0.9541341707130111, 0.24397581834621357, 0.025802267365161533, 0.057571872783611054, -0.6605491327485958, 0.43874536119354685, -0.8185795036650556, -0.21119948712795894, -0.6673847579213833, 0.21341900105081787, 0.5534375160734611, -0.19600133179315615, -0.8364738946671446, -0.535687790327763, 0.6426675382964342, 0.6474495048487933, 0.005124716415405591, 0.8976018290417366, -0.22949382581859018, -0.9134269482957862, 0.368213096107427, 0.8515691863727278]}