{"X": [-0.22214839324379612, 0.3025177275287369, 0.6712761661753003, 0.24850096836348434, -0.20115325565466113, -0.9331670160504495, 0.5564030485338524, -0.6899543285819186, 0.031035070733677592, 0.5223218459366573, -0.3113902849253436, 0.9625326332519387, -0.5431059176484773, 0.7138548838476955, -0.8100398759717489, 0.8560999407523417, -0.8564501617208068, -0.32383011571373366, 0.39997243369839935, 0.01772632688340142, -0.3905620439033733], "Y": [0.919976951390763, -0.16123538888387123, 0.43499419163413794, -0.8618444851516938, -0.43085792299333253, -0.09799805336202501, 0.8278517527794488, 0.6580183729465656, 0.8665650443219499, -0.21621581334728254, 0.3139568723685277, 0.1603497062050984, -0.8283518469652505, -0.6586913560760733, -0.39861452262236197, -0.3067643556014647, 0.35793148500986854, 0.29976944267551614, 0.5296295533001927, -0.9320387268290388, -0.4754445296826782], "Z": [-0.3229434939566945, 0.9394073524847013, 0.6001402852413372, 0.4421214223898478, -0.8797151913735503, 0.3458261148218192, -0.07125393324041944, 0.3016203662484159, 0.4980982316208847, -0.8248821802632762, -0.8969209400759276, -0.21867533387428, 0.13736513329249087, -0.2377748982492832, -0.43004867362918386, 0.4159188882177089, -0.37199216729258433, 0.8973696771090722, -0.7480070778758836, -0.36192483891842414, 0.7882980331428189]}