{"X": [0.5163808350033501, -0.5717981799290058, -0.41664753711465735, -0.2092184343671292, -0.5163738395961832, -0.9523918421048206, 0.5039538624828379, -0.07932179608968531, 0.9523926209316397, -0.6985374071559968, 0.07932958172954656, 0.9039049297953073, 0.6954307181748245, 0.4166438102934109, 0.20921383356304932, 0.9091176536953945, -0.9039050231192864, 0.4250791270039526, -0.12072018288268735, -0.09296966551610872, 0.12071068724308974, -0.9091174173251675, -0.4250804391121206, 0.703864205694893, -0.6954288131591582, 0.698529377111822, -0.7038635218674355, 0.5717969538102813, 0.0929750324370144, 0.20153545867457365, -0.2015367271859752, -0.5039477109986277], "Y": [0.5315229318574946, -0.5576074288237474, 0.9018759978082559, -0.9468405680790026, -0.5315225242618397, -0.2032224283402928, -0.7104560019416717, 0.44578269376170354, 0.2032203590602623, 0.49274119888799817, -0.4457791206831201, -0.4194617578150099, -0.13757669374794673, -0.9018775347892036, 0.9468402210755825, 0.10150901102343167, 0.41946003179114777, -0.05892442761944471, 0.6790529158255526, -0.9181427841206358, -0.6790539362489943, -0.10151471194805119, 0.05892587917662011, 0.705373502154921, 0.13757959215095156, -0.4927459311681693, -0.7053734147144038, 0.5576079630672431, 0.9181441011275441, 0.17925667804540285, -0.17925247658206436, 0.7104584888080836], "Z": [0.6714418859073777, 0.6017647353828952, -0.11412499460527065, 0.24437795596329673, -0.6714475884110521, 0.22726729573711418, -0.4912054293202432, 0.8916197858996097, -0.2272658823017226, -0.5188945959654959, -0.8916208796487437, -0.08371207572675926, -0.7053004817496098, 0.11412645436855103, -0.244383239194906, 0.4039814505895358, 0.08371971637249832, 0.9032362080957996, -0.7240951421972014, -0.38518887478875913, 0.7240957682862453, -0.4039805499948252, -0.9032354958965624, 0.08380574204193203, 0.7053017947316047, 0.5189009121489226, -0.0838122210570252, -0.6017654054008781, 0.3851844401167191, -0.9629384727348659, 0.9629389893624426, 0.49120814351940234]}