{"X": [0.7640081234013881, -0.46575357094045927, -0.9371205852084035, -0.22545456184891194, 0.23742770682854114, 0.033680156797533604, 0.2737712751041395, -0.45570524140256763, -0.6587437020807204, 0.46934211758245636, -0.39449343768002004, 0.7049177321120047, -0.8376925726224222, 0.5937106800450659, -0.057188490350448734, 0.9589714335620931], "Y": [-0.11219260230220947, 0.09851865388530023, 0.3193906487428642, -0.973714190900645, -0.5534613678004076, -0.609474883838545, 0.5643191530775998, 0.8121876740287125, -0.46900199757803906, 0.32991368646510827, 0.28534812924178027, 0.7082151593326813, -0.43653595025689723, -0.8030216682600276, 0.9312680746128735, -0.10138058481957157], "Z": [0.6353773739797061, 0.8794132623475944, -0.14069336258072557, -0.03241781886891028, -0.7983161017934203, 0.7920896496029257, 0.7788409223953464, 0.3642580336987193, -0.5882974258288031, -0.8190695551332733, -0.8734708768846368, 0.039016394572701986, 0.3281882354785678, 0.05161229219195171, -0.3598183566443884, -0.26475605117448386]}