{"X": [0.7720242731004968, -0.2231855674650075, -0.3737248064711482, -0.23240612626945695, 0.2429886275355311, -0.0892174571914405, 0.9085249011573443, 0.6169150362073728, 0.5703167620049907, -0.825311928920522, 0.3854930189006004, 0.5493414247771325, 0.8657800103895058, 0.6313047991527908, -0.5891006880764631, 0.2475108546558097, 0.6748069076607065, 0.9907279967383497, 0.004716838985864131, 0.6037022608698233, 0.24085621790685777, -0.5088071621902569, -0.04614326119523797, 0.20009306388888903, -0.8928775473413226, 0.22034621781989258, -0.9144758262990847, 0.8057302799131199, 0.9163694351925097, 0.4347248044970291, -0.989823414087912, 0.6538057711527182, -0.21640736824609277, -0.6690935013774731, -0.22696739796482182, -0.6298266780469756, 0.26550794075671214, -0.16556579222400458, -0.7742812873120876, 0.4649256652817537, -0.2480442847355455, -0.9209430675589813, 0.10205631205241457, 0.2047273817698676, -0.64420720779817, -0.6167886368651937, -0.45750976469337773, 0.13360041021707902, -0.23099419692596984, 0.8812346110032072, -0.4507818502130193, -0.8085861712845942, -0.6416247649021041, -0.1991552438934986], "Y": [0.24000242586816906, -0.06233835345938674, 0.9223079801255762, -0.5397195166001795, -0.640760518286333, 0.2852696566809847, -0.4172697821219323, -0.15812322317175742, 0.751739682203317, -0.007208029954737516, 0.27300998603515625, -0.22604642035164932, -0.23055209880616115, -0.6486891952262342, 0.6063616166797178, -0.7173059241837861, -0.5586303117113546, 0.08563012316601891, 0.9583612992666173, -0.7956735880997153, 0.1920470555858689, 0.42748795783499755, 0.7036887140774797, -0.9515272803889316, 0.22971042504787206, -0.9308971486712283, -0.3624545679386136, 0.5528467216702904, -0.08410527939687096, 0.6749640883950236, 0.1198343218168838, 0.32895972439713933, -0.49492239667589066, -0.679068879889865, -0.8355665126291597, -0.7559222368537407, 0.6519032133159071, 0.8172794611928608, 0.6285967587431814, 0.8734187016549996, -0.851837398669637, -0.2505546538035774, -0.16619803247452547, -0.31990064247230077, -0.3318149859435074, 0.15024664781408298, 0.8021168205296051, 0.967036831457877, -0.9728465067548541, 0.3981329128267237, -0.06281136401042725, 0.4550253988444327, -0.47872967560580554, 0.43829007223528527], "Z": [-0.588538322729322, 0.972780618723099, 0.09837560075944934, 0.80912930726386, -0.7282736333918928, -0.9542858420355017, 0.021643310859319052, 0.7709817665775441, 0.33109853695991925, -0.5646310868927241, -0.8813970047055897, -0.8044420519030786, -0.44415166705307024, -0.4250371496274119, 0.5341216800743036, 0.651314507713743, 0.48225285090984127, -0.10547757337647265, -0.28551947656505444, 0.04946838809975855, 0.9513707010079732, -0.747241137525204, -0.7090084577254712, 0.23357782527286425, 0.38730195723501104, -0.2913383649440044, -0.1798906592767928, -0.21250698428413603, 0.3913992338042261, -0.5961860646912964, -0.07674206302958851, 0.681412880221645, -0.8415578840682277, 0.3019591740278107, -0.5003143044465371, -0.17860550789476978, 0.710301157160486, 0.5519440648811662, 0.0731751529954197, -0.1448581974263581, 0.46135352934358, 0.29847316759203507, -0.9807969836678011, 0.92506771541302, 0.6891269030622702, 0.7726562769140021, -0.3837882507759815, 0.21677337704095076, -0.014538063193008564, 0.25478568267101354, -0.8904215047210376, -0.3730151337597255, -0.5992791993375707, 0.876492442300394]}