{"X": [0.6161647170923814, -0.46051829196692967, -0.5025529975410563, 0.06986072104184776, -0.3401594205112449, -0.3274630409639244, 0.5740396668376699, -0.8139075617430761, 0.8580569250964288, -0.7235394627211105, 0.19516533588692503, 0.9695874908024973, 0.6961199992006384, 0.09537867236659635, -0.22388591577392722, 0.4120053205844027, -0.8673518206871652, 0.6228739414348001, 0.13931267794084223, 0.02341598535557915, 0.5405147615405069, -0.9851713583925877, -0.1749227262962519, 0.9277472178333508, -0.7670752310701893, 0.3841614337599316, -0.8871056095584354, 0.8485960890340245, 0.03761067173890291, 0.26697836359616095, -0.4715416848467335, 0.053951199438740015, 0.6275900759475184, -0.5361232339121006, -0.27138419644868317, -0.6027603202419545], "Y": [-0.6045356096248435, -0.11733527114855204, 0.8254652320196814, -0.8508817730200556, -0.4961249536526333, 0.08367807016072107, -0.6042962939952758, -0.2115195645080229, -0.5115693553519394, 0.3840716964799025, -0.30681320093054937, 0.04371438195715855, -0.025335070208139628, 0.7247167332900462, 0.9435980958787213, 0.8934907520738786, 0.01942249083698806, 0.4543487761023235, 0.9328744833300877, -0.8654213933718136, -0.11055050981924865, 0.14796677880582743, 0.6520558881773675, -0.04228317385329749, 0.6005034592864615, -0.9231754446422745, -0.44894793929340243, 0.5243472305277138, -0.4305473463691009, 0.3317888147108346, 0.4969575533719771, 0.21231557118317432, 0.6045380184603736, -0.6353801325387062, -0.9597107963981006, -0.7328722843086356], "Z": [0.5048541750901783, 0.8798609758981004, -0.25699734510144806, 0.5206915478455162, -0.7988439140411765, -0.9411513891913653, -0.5525436181519721, -0.5411228647615782, -0.045112170850698186, -0.5735674135167516, -0.9315450345543657, -0.24080936545205422, -0.7174782790652632, 0.6824137786907513, 0.24392156561509995, 0.17867817932976138, 0.49731638420662055, 0.6368635982184868, -0.33217040222839395, -0.5004972562604275, 0.8340397936162959, -0.08685175284777451, -0.7377161774817678, 0.3708061933293038, 0.2258122788149679, -0.012926376949951569, 0.10718855020086908, 0.07031827297420348, 0.9017840206534344, -0.9047865691997731, 0.7284789836353843, 0.97571069806182, -0.49057566267416214, 0.5557553105771708, 0.07284095822287025, -0.31556015469963694]}