{"X": [0.4666874877014964, -0.5262979265105189, -0.6343364101172838, 0.3350772737899054, -0.1734149764458706, -0.3248733851902091, 0.6775863578640455, -0.973679037149854, 0.7523819631351961, -0.7418893064841046, 0.3716670140014443, -0.5056032755280939, 0.975609866413161, 0.7051132825111841, -0.3521083362379433, -0.24715510580111452, 0.19823948248624382, 0.6095563146934501, -0.035969493573888504, 0.059209630693574065, -0.17590839905532274, -0.7773467259111788, 0.3566146429331713, 0.9176152673709724, -0.9300001692022324, 0.7917667037394106, -0.8703807199390363, 0.8837880163779963, 0.3581382345350408, 0.24992257890666233, -0.7023505752212443, 0.089054215408032, 0.5233507416521441, -0.6609434860439835, -0.12952238678759595, -0.4092402936123991, -0.14711841755548274], "Y": [0.4130675425838526, -0.07969206761321335, 0.5748674349769856, -0.9419497667282121, -0.3110830010626699, 0.26797074042716973, -0.6416796863952716, 0.13503732439152558, -0.014586702100014533, -0.07922814122759948, -0.44395340830359, -0.6229228628195975, -0.16929506960803606, 0.6531240432778885, 0.8453091843468293, 0.9553813179986169, 0.8746646960889479, -0.18982931476596618, 0.739050640974581, -0.8579405336734327, -0.5368577334446807, 0.6273718947734048, 0.9207675678626428, 0.10605722838429753, -0.08430323826515183, -0.5509279591978536, -0.474043897720455, 0.4188511634019728, -0.6904633883986349, 0.16634017538323476, 0.40362985188088585, -0.04369790563651539, 0.5794299807897327, -0.6091706934810954, -0.9185567256935794, -0.9065862305208922, 0.4863322407967362], "Z": [0.7820345223112612, 0.8465575390428343, -0.5168604753727049, 0.021303932740025906, -0.9344274248940476, -0.9069999811852084, -0.3593381523081062, -0.18361387103405696, -0.658565569757996, -0.6658251711689444, -0.8153336752268217, -0.5969358715573215, -0.1397303401688568, 0.2761236007997972, 0.40183591478443753, -0.161743287018861, 0.4423378539071854, 0.7696791087672988, -0.6726888921389288, -0.5103256414420855, 0.8251302983059304, 0.046223082584338514, -0.15815524783566481, 0.38305885369632164, 0.3577606033394797, 0.26378754827268974, -0.1331156842464616, -0.20852444706427203, 0.6284881178234, -0.9538708773236124, 0.5863331920989989, 0.9950677563668928, -0.6247918842095829, 0.4382519531728162, 0.37346685663380463, -0.10307176487262155, 0.8612996707172227]}