{"X": [0.9041170971423176, -0.11036235936110739, -0.9773899095827819, 0.8170067854141221, 0.24713002478592272, -0.09528982145814435, 0.9221357577414765, -0.5879940812865474, 0.9792181639832322, -0.7997842935460697, -0.012022642338337407, 0.22283591562263555, 0.6781565128445689, 0.5438274355893726, -0.07909533364371674, 0.6362371434686142, -0.8805876966332339, -0.20605988545157441, 0.044743421785875974, 0.41195362714901035, 0.3466038928313569, -0.513323819065362, 0.3842714306159522, 0.7774744121607199, -0.8798906138279005, 0.07084321665258594, -0.8766691807920259, 0.39171147792045685, 0.7872859496329252, 0.3833885100716942, -0.3848077699644766, 0.5053134597725112, 0.7963050529494584, -0.5334289844646152, 0.21138555871453907, -0.6130157956674132, -0.05421813434865113, -0.26938254583444365, -0.5966220922075368, -0.5424424501660485, 0.10689357181637574, -0.9698599206665628, -0.1782720996600926, -0.3527752828950894, -0.7635526261290048, 0.46138478855724585, 0.7212014575820278, 0.19326842901831373, -0.23171100402498804, -0.541074696943813, 0.6370085275688246, -0.7786779513551935, -0.2935614590366235, -0.5862137900333552, 0.6206380716235826, 0.9489027915621652, -0.7861782817178095, -0.1178003613841547, 0.27663374127053597, -0.41542951092763164], "Y": [0.42255827739584806, -0.17334875367418442, 0.11189779918005588, -0.5003898435412171, -0.8534906392665024, 0.5975463911627052, -0.35525677718894494, -0.5838273637650382, -0.03298182999849836, 0.5253863131042142, -0.1732942563930157, 0.27645340398841595, 0.28341516973183206, -0.5124186534879105, 0.6711871799400596, -0.5868058692982104, -0.30095384671611064, -0.8811466093616617, 0.8832114687520791, -0.8316174318308047, -0.1767973096476137, -0.21473460289777027, 0.6504571510007914, -0.1091213479359361, 0.4350189850955395, 0.2759938113530092, -0.4768222498353046, 0.6489174957718243, 0.3657565338592885, 0.9111475488189302, 0.3090759319156702, 0.23834800841203324, -0.17391967386307153, -0.13729578084553545, -0.9771995980505543, -0.7760852145808077, -0.8850879901465128, 0.8845814126454993, 0.8005740272253996, 0.48370624187507916, -0.5944932320093359, -0.05794204104741474, -0.5831790786536303, -0.575587173022179, -0.3816953613958577, -0.11997125161116945, 0.6186534747077771, 0.9272622217844193, -0.9720423248365352, -0.7679279888216021, -0.7675668919225055, 0.09732407042995501, 0.1839001788210787, 0.5989329299656662, 0.7510336151085016, 0.13968980731652977, 0.16747430213611175, 0.9919724928921093, -0.5334284282538951, 0.8205816418670498], "Z": [0.06337804713939119, 0.9786574269047659, -0.17940971875687572, 0.28654828051844794, -0.4587815161204366, -0.796152096232185, -0.153160917194556, -0.5598290539898361, 0.20010993532370672, -0.2903692576699106, -0.9847967083476651, -0.9348356380304718, -0.6780704872300307, 0.6645892294176331, 0.7370561021251362, -0.5008604286905384, -0.36604930089395293, -0.4255819267992137, -0.4668356538137231, 0.3724334251297953, 0.9211994641637148, -0.8308957257673725, 0.6551648359949603, 0.6193755483226535, 0.19118313289620273, 0.9585450718402106, 0.06396631544365224, -0.6522792360228831, 0.4963899590541918, -0.15107413619234059, 0.8697097495632821, 0.8293663450241708, -0.5793532684731513, 0.834627693702446, -0.019927145725802623, -0.14799788502309705, 0.46225495519913906, 0.38072137896609726, 0.0558865459838626, -0.6868656781561743, 0.7969639649315592, 0.2366737293488828, -0.7925409899200703, 0.7377323403719169, 0.5208608626306893, -0.8790511792124706, -0.3116670271516579, 0.3206744242938863, 0.0379964385188391, 0.34281886807988043, -0.07114212696442641, -0.6198295518835997, -0.9380844279689672, 0.5455572726831452, 0.2252929049668806, -0.2829668706711102, 0.5948748334559593, -0.04597442988419425, -0.7993296473428503, -0.3925099877470708]}