{"X": [-0.4538709710237997, 0.22964963692610912, -0.3980551806641652, 0.21884818457705846, -0.19970362695714114, -0.6772940075015954, 0.52971203510208, 0.2722181211532781, -0.40981205156646167, 0.47714107719149607, -0.029110650789548678, 0.6461338307255208, -0.9101166047403263, 0.9525139857111908, 0.8757809946160618, 0.8111359829858334, -0.7504664058550049, -0.03703609176702442, -0.40253299066802667, -0.09131814137041787, 0.6737830082319417, -0.93776454158994, -0.7170642141017838, 0.3272304868517391], "Y": [0.8308427328913814, -0.16492136851165037, -0.9014151987964238, -0.8051495092376014, -0.2921346668096652, 0.21384005738084455, -0.8437878027609741, 0.9151649183119569, -0.4492784996497067, -0.4555922944256355, 0.40663264419496686, 0.24335176759245508, -0.34039917924166524, -0.22374581315520023, 0.481878415431047, -0.33327300842307184, -0.49558672944014537, 0.49810869084481757, 0.8298890804010862, -0.878407988002719, 0.36622765050393075, 0.34712444389442176, 0.19800503911948006, 0.8526263526259893], "Z": [0.3220271647912543, 0.9591986167983932, 0.1703018277213209, 0.5512165997879376, -0.9352944979139827, 0.7039497547849461, -0.08618180654767141, 0.2972717053586638, 0.7938532056642438, -0.7515131760099246, -0.9131278457508666, -0.7233885470489505, 0.23625444873597973, -0.20653067113651558, -0.028299155658161667, 0.4806116092670264, -0.43725732387907595, 0.8663232999357032, -0.3863305652610131, -0.46910596209136746, 0.6417895027376859, -0.010113604085508845, -0.6682910423893802, -0.4073677838053424]}