{"X": [-0.18943244983330296, 0.15071768618058806, -0.20826556399945872, 0.4533019264267144, 0.1363296271266101, -0.5806137337718649, 0.8211580053235185, -0.3232980454175622, 0.6363583886148102, -0.6975169800625202, 0.223835907722593, 0.9124104998600135, 0.6580998449488923, 0.7935847747123642, -0.16392692248415391, 0.8602195652765616, -0.7700026471818846, 0.5191222414895197, 0.20176370288570436, 0.5670904926296868, 0.5706741527725109, -0.28203363089199723, -0.12527074804484556, 0.36210237091722586, -0.8741524535557863, -0.45954688354933815, -0.8504187540586392, 0.9178055548309754, -0.5434596614935365, -0.9167467816366925, -0.6065426639973581, 0.6662835016525087, 0.5501550673979118, -0.4990586184880026, -0.11932428851716144, -0.5987323340025827, 0.3138940263840948, 0.3243072937773616, -0.59894753924379, 0.2384029303323501, -0.023624570366728, -0.991731989289015, -0.32110043528943666, 0.6524702896671767, -0.34838411779851847, 0.8771450620763281, -0.9110302780287369, 0.2691243749340647, 0.1417699407225012, -0.8176974786017396, 0.9904341609460274, -0.6885563084761137, -0.24720436307481616, -0.09483052345809913, 0.04334521854887913], "Y": [0.9197553879428314, -0.22422759221887179, 0.9656869310916276, -0.5442441254768198, -0.4288321963658468, 0.27492991826298885, -0.4005054278579246, -0.8835776835069866, 0.7579933690326144, 0.5797850977333716, 0.0994854156810944, 0.2455162337318679, 0.23944211380730254, -0.5966675344743458, 0.6354994165544016, -0.23685301110464008, -0.17172366975883988, -0.6533853984765569, 0.8812040513602284, -0.7778966242732134, -0.04425331903966336, 0.7641520534008361, 0.4512996137012928, -0.9185972483819059, 0.24188065028500394, -0.7537450430125983, -0.43912177152980447, 0.38030130632988823, 0.2613296737931294, 0.0927846054494487, 0.7949282471386003, 0.48513981456280914, -0.22889674270839297, -0.5830746243051389, -0.9855758785371312, -0.8002289072564297, 0.3853144190031737, 0.5722204214234352, 0.6469957807118928, 0.9695540138511105, -0.6556871004117709, -0.10577401119318436, -0.4895857085593487, 0.6757273592744555, -0.21890451650641682, 0.06068215228910614, 0.4122745121035786, 0.7963265841963774, -0.9240456845580671, -0.5134488931947985, -0.13704541972164877, -0.2144928479986009, -0.03821639462894428, 0.19722914255018936, -0.818091493428649], "Z": [0.3437519066133088, 0.9628115942177353, -0.15515864774746388, 0.7059147932872643, -0.8930381739475437, -0.7663558130525273, 0.40656479501973747, 0.3387755171756235, 0.14315744389359847, -0.4210929861334268, -0.9695360428992638, -0.3274581785805927, -0.7138431677992966, -0.11921014490818974, 0.7544988108962727, -0.45157828850163817, 0.6144972779251726, -0.5509987472295448, -0.42751705002744533, 0.27071242142420887, 0.8199833261178857, -0.580110912092819, -0.8835360198414939, -0.1583065641131627, 0.4211309047791467, -0.46977129749914204, -0.28975854174446347, 0.11403455583806946, 0.7977207518452226, -0.3885438911504809, 0.01396705595822127, 0.5663087989353819, -0.8030788771931975, 0.641065111984943, -0.12000792397019054, -0.033960097334963746, 0.8677576497551767, -0.7532519953566603, 0.471866829703908, 0.05593797488423313, 0.7546630413824383, 0.07266030537341114, -0.8106789404143757, -0.3430379819052137, 0.9114325642190102, 0.4763761291969573, -0.007318414079461159, 0.5416973713416735, 0.3550223327583096, 0.26027114239845, 0.016084954599124034, -0.6927359007696915, -0.9682094350182399, 0.9757601329986688, -0.5734522651525866]}