{"X": [-0.9608994266307739, 0.15948365449567822, -0.5810621876411267, 0.5195678608001976, 0.6457045889680716, -0.473766655652165, 0.716683359784139, -0.7260791879719941, 0.8728488848015477, -0.8338328433285949, -0.25120159465692726, 0.999494951125881, 0.8722205831574259, 0.8657457198444523, -0.12773779403719693, 0.9016517811178199, 0.6196168556621416, 0.20284067919327015, 0.27825481815742453, 0.3634562243408317, 0.23699567588832923, -0.6225903812514346, -0.24311031454979332, 0.5612526471611857, -0.8527523456313302, -0.27317310136942463, -0.6485538539425654, 0.8951011251816908, -0.8175659838754095, 0.23153944729001374, -0.6670355880411265, 0.35164506219198094, 0.2220522978362519, -0.33154909100002566, 0.2751261084856827, -0.48513964691714123, 0.0629347338442996, 0.5380663737031232, -0.9668449028613153, 0.11537731845385733, 0.015205697702953208, -0.935100125818618, 0.03317191807364491, -0.15733217261519394, -0.439569870189787, 0.5253130038155717, -0.19117500758066805, -0.3637305667923303, -0.0773443415616556, -0.40897037052744334, 0.5918154207551847, -0.7513028252227505, -0.6686813479654384, -0.22447306863085342, 0.7473515348557261, 0.6611991634042365], "Y": [-0.11893217320324463, -0.3601416483938555, 0.691246486054965, -0.5687140721909776, -0.31981434709494594, 0.233501542006531, -0.6932044301339074, -0.4038456282821569, 0.15137021377046977, 0.17783491486121347, -0.19580195496851655, 0.00014951150135840633, 0.08593550575457472, -0.34619760786800213, 0.8521329681005764, -0.3604013131033353, -0.11552931611979948, -0.7045546105728339, 0.5562699463409518, -0.8753592612692525, 0.11732805465055386, 0.6073181058381089, 0.8959133934814874, 0.8247254100121614, 0.32171433987354103, -0.6135028491956463, -0.6389950796920439, 0.43252086687285574, -0.5679896228889331, 0.872998871525158, 0.02504872836278044, 0.816994830580344, -0.28985647534263076, -0.42424522479064775, -0.9460579356803658, -0.8739516829601657, 0.5496157319102544, 0.42028434319641056, 0.24373506455184102, 0.9919606454709501, -0.7551136936184659, -0.24315237149109145, 0.19040692461514144, -0.9130556142344357, -0.771888260272901, 0.1354991801228159, 0.6179862321713661, 0.9289653535396022, -0.9806868700445366, 0.4486963328353263, -0.6965803063236785, 0.6586478622466726, -0.24632490717704336, 0.032957754889757086, 0.5860466784201499, 0.5524998324018517], "Z": [0.2500548541376544, 0.9191642709770977, 0.42958704544058496, 0.6376625613249237, -0.6933861602150762, -0.8491302525954045, 0.07637132872513817, 0.5565228848046769, 0.4639201253273854, -0.5225873443194509, -0.947923706461825, 0.031777670150342344, -0.48150425041449574, 0.36142988929733544, 0.5074962666371183, -0.23902920139693165, 0.7763555430962363, -0.6800429836304287, -0.7830312911819126, 0.31881928532956666, 0.9643999052271578, -0.49350373402275777, -0.3718017836697213, -0.06945116366796197, 0.41147699879822724, -0.7409390735526332, -0.4135978562149519, -0.10825744971143762, 0.09472935289719596, -0.42925802807220215, 0.7446046504649539, 0.45701772070784424, -0.9309543494326601, 0.8426690865929457, -0.17111401685931363, -0.029120076239698343, 0.8330436762335469, 0.7306474172635751, -0.07618498617840397, 0.05198222987958027, 0.6554174978342004, -0.2578074454554466, -0.9811446513689607, -0.3762659070061496, 0.45931127013628575, -0.8400513199848604, -0.762591065593592, 0.06872733592954378, 0.17964163145174378, 0.7946161569781827, -0.40562345173618125, -0.041557891792071915, -0.7015620393004066, 0.9739228038464213, 0.3130734323788908, -0.5075033019690254]}