{"X": [0.11487883899916329, 0.061357329355023756, -0.9961648904590338, 0.08642694652208535, -0.28571752403042044, -0.36997504923850155, 0.7105716524030733, -0.6527681879126377, 0.02035238455372457, 0.5727504034350563, 0.09077307097672808, 0.6609605848875295, -0.7312149045172158, 0.5564771590205912, -0.73955767613462, 0.981535712358738, 0.76494580152401, -0.6363466803727549, -0.2057103301439379], "Y": [0.9926105830568016, -0.15915099120420795, 0.024322181508182616, -0.9938261053090159, -0.6270006050347711, -0.6973845737854353, 0.12062856179953255, 0.7529513491614561, 0.6886652971300513, -0.5631039391141215, 0.008071983357490573, 0.40785505431476166, -0.6774464525597694, -0.6839021083359182, 0.0952768641253978, -0.18197274441327116, 0.6311832902665692, 0.1585762265960675, 0.7010828032105241], "Z": [-0.0390779062110663, 0.9853457464936546, 0.08404726350943213, -0.06957050611560721, -0.7247314935532725, 0.613818555590392, 0.6932075280025042, 0.08341437912730869, 0.7247936871770859, -0.595710440666554, -0.9958388889123232, -0.6299090092188219, -0.07994415129365741, 0.4718167840402222, -0.6663158131342757, -0.0589369634026655, 0.12831825598510077, 0.7549281308423521, -0.6827636216982753]}