{"X": [0.8219042303301193, -0.3148646372078999, -0.7274112266442057, 0.08948374373338078, -0.0036584989238935646, -0.9928575765199114, -0.295446354413453, -0.3095172603021428, -0.36138617345578755, -0.35001225792635865, -0.2930337311070732, 0.5472515733527729, 0.7548186405822104, -0.039483819379906124, -0.6765774160647712, 0.7479632073520455, -0.8248984983184444, 0.2645492269666783, -0.0807613820270649, 0.37461406970859445, 0.36104483564002926, -0.8333714029700816, 0.27903629894796184, 0.9958243381039749, -0.6958838609753107, 0.7293072581181744, -0.7192847209365366, 0.8283978475478336, 0.35436116844134424, 0.3750373810605811], "Y": [0.45313646491463444, -0.7389732098719365, 0.6761733278865364, -0.9835386662902452, -0.513109575622863, -0.11896858076741927, -0.8877268865969312, 0.36423083102309944, 0.830470340823407, 0.6536790512641742, 0.06969710869381132, 0.8292443329365631, -0.3379702668154653, -0.2277012523765204, -0.4309111368558845, -0.15765283317356518, 0.1904555151176674, 0.8230266266168055, 0.9845259230025044, -0.8224693949078836, 0.30284053978472814, 0.34683377554676686, 0.6458208096460903, -0.08950149389388634, -0.226950425922582, -0.6743822365390307, -0.688250511105377, 0.3375301853529892, -0.6484756435341491, 0.041507083330524296], "Z": [0.34516775679388473, 0.5956331549934946, -0.11688685985524067, 0.15698519522383117, -0.8583153143162187, 0.0089615588596225, -0.35306150523204816, 0.8783706320837907, 0.4239328327077742, -0.6709658092925908, -0.9535583597626266, -0.11344404680506393, -0.5621609365460277, 0.9729301967116342, -0.597125273460006, 0.6447453952065024, -0.5322303676353306, 0.5026339407472347, -0.15551947180062378, -0.4280284957993149, 0.8820058016365647, 0.4303468796815577, -0.71067167222107, 0.017982497894983487, 0.6813509787236333, 0.11541023480075516, 0.09455540275645763, -0.44702391452101653, 0.6737265781040974, -0.9260799775616646]}