{"X": [0.40055399148381915, -0.23116577452714765, -0.318236263752595, 0.03258690215720092, -0.23088739668183092, -0.30553618180286984, 0.3568838455617771, -0.2712770999137445, -0.014653447353635734, -0.7757381276578807, 0.43582706048066433, 0.8964134235799507, 0.9156728054990959, 0.683053883493344, -0.999617058582324, 0.910984877028758, 0.31183603346934125, 0.3308680698785727, -0.6722613441618756, -0.27379441814448735, -0.6862281826839494, -0.8048366656519637, 0.0017008330055972506, 0.649026742705245, -0.7864880019539666, 0.44006571053381455, -0.6508680857653718, 0.6561140998436291], "Y": [0.8501645824516735, -0.7042348498531652, 0.8386800122113824, -0.9975232582025998, -0.24031991347729123, -0.050815247606975374, -0.6987714604689016, 0.9250619744188356, 0.5527405756072031, -0.3727537270893077, -0.11502464505526362, 0.4423338539792637, -0.1668004905678443, -0.7279399559336639, -0.0265398306433599, -0.2031630570782742, 0.9017879554291911, -0.176431285937154, 0.2756137053615195, -0.8117306373524243, 0.42576493883491706, 0.5905089647143976, 0.44528895887322867, 0.33422643099085725, -0.28066136347779147, -0.7012112653618413, -0.7547897352851944, 0.4465384117398909], "Z": [0.3417260344942311, 0.6712791229731144, -0.44197456663240753, 0.06233332297147727, -0.9428347412138325, 0.9508235652422408, -0.6199615849479675, 0.26583656360010777, 0.8332245390997988, -0.5092003694410241, -0.8926500458649482, 0.027995279057784088, -0.3656786972408173, -0.05950472922345682, -0.007834129220574181, 0.35893080957687173, -0.29922695679525163, 0.9270373895789696, -0.6870966238911104, -0.5158778818444814, 0.5897585083313199, -0.05947355894983616, -0.8953853082738645, 0.6834156715210251, 0.5501507264679784, 0.5609321988814819, 0.08162836786452958, -0.6083730227641592]}