{"X": [0.16120146475774938, 0.9740870333976449, -0.2431914674693489, -6.086205518027606e-05, 0.05769290473227141, -0.39900223974064386, -0.745935812021337, -0.534128003377143, -0.9909158765443454, -0.25121523876901175, 0.3978803177072694, -0.8924252677534089, 0.6830856456188081, 0.38935157508105744, 0.6016705152415895, 0.5909180726713341, -0.12379011713777549, 0.19528951686115614, -0.597155242135702, 0.23147493837927022, -0.11617022960191045, 0.7483983796270649, -0.7128940387230336, 0.832719167100368, -0.40133125042404727, -0.37468711925737724, -0.7580698092705536, 0.8755047477888732, 0.3005114464254387, -0.7434007486970635, -0.8424105623928001, 0.758852207525497, 0.37734508875201317, -0.23314167854989734], "Y": [-0.3879186487121663, -0.22582525345247184, -0.7827626421805316, 0.2976171621111455, 0.8582606366833719, 0.9136959986699744, -0.6652742288142884, 0.1957749955572787, -0.037138566054314884, -0.3083475978544798, 0.2899650737264844, 0.02945680563969646, -0.4429722796994139, 0.6326999630831894, 0.6663477197152899, -0.8032424041498494, -0.9920024111950634, 0.9709935405961725, 0.5162402499366903, -0.7631216736728302, 0.4034013472898087, 0.6520915468037337, -0.47821815922171285, 0.22009415259963988, -0.10056869765569752, -0.763800396445525, -0.3086490436023822, 0.13533283033428303, -0.8535194102048312, 0.5160940261834753, 0.5240930385052213, -0.39074998166338665, -0.17710841017036424, 0.7867549064517095], "Z": [-0.9074873055537929, -0.012546165537817261, -0.5728355402352909, 0.9546852995164, -0.5099609870013647, -0.07718053314423284, 0.031463706387241865, 0.8224229004124911, 0.12925344298617603, 0.9175034946568871, -0.8704088170509056, -0.4502326488347569, -0.5806630349586929, 0.6693998115449618, -0.4404240087905671, 0.07494979363524554, 0.02464189688713512, 0.13796212786357478, -0.6139231394361632, 0.6033777126088528, -0.907618769505681, 0.12114652268512684, -0.5129224909708663, 0.5080721924442587, -0.9103950595674977, 0.5255649503650968, 0.5745136483634146, -0.4638711692192713, -0.4256729812554324, 0.4254436307836513, -0.12518359061558673, 0.5210161024035083, 0.9089792599623279, 0.5715432397440268]}