{"X": [-0.3975901358839057, -0.5284353408921412, 0.033688835002075326, 0.7644896870166006, 0.6895503988527307, -0.8378697872251343, 0.3972648712275683, 0.862051010418239, -0.20870424011676084, -0.9973944201085251, 0.2239913255778155, 0.4406340525247641, -0.24357548630587356, 0.9866220745189397, 0.23551446003815657, -0.7332752826631784, -0.8553080596055214, -0.3641480747581953, -0.03536547212083728, 0.5961588187694572, 0.7862914428454972, -0.4960229564284782, -0.7935730800734879, 0.6571014873052374, -0.05063084080985726, 0.46822053625659643, -0.8800023582200418, -0.1539689654157643, 0.43812534905059053, -0.6249743339320798, 0.2784752875851976, 0.9113182703703926, 0.35413625673442545, 0.7052284388088322, 0.0020463086868155234], "Y": [-0.9157520610890404, 0.0425867756273931, 0.9963289033182439, 0.27017131656344895, 0.7092689865825749, -0.5439780620383188, -0.9174652882637803, -0.49423406770400674, -0.5234468392019661, 0.0721399817758919, 0.8630045903462672, -0.21554373249447575, 0.004735058307885703, 0.16301175169777013, -0.801248414021579, 0.4472694365939592, -0.16607190827308568, -0.815382839261106, -0.9055475497457277, -0.5746052059229391, 0.5656471758581268, 0.8351072040093181, 0.373118745258212, -0.5323552242116849, 0.0691386409581108, -0.10155780579121552, -0.06619668314619173, -0.45980691045901967, 0.7047653012807908, -0.45647778599414773, 0.3889803242320426, -0.16779633824895376, 0.23544963785884104, 0.33213270375454734, 0.5779991008551644], "Z": [0.0576215798029862, -0.8479047452620303, -0.07870056422204666, -0.5852887989288986, -0.14648464804943587, -0.045410215550505624, 0.020930048246531392, 0.11225302560574693, 0.8261028668917428, 0.00044018831523871674, 0.4528255327465144, 0.871425574066973, 0.9698703839656504, 0.002012679897151068, -0.5500308338091964, -0.5121107408795075, 0.49078329683921973, -0.45005222484551405, 0.42276816168105547, 0.5607348037438573, 0.24857401181875657, -0.2378175445750189, 0.4806497357948042, -0.5336811319840449, -0.9963214171568091, -0.8777559692251936, -0.47033376305301294, -0.8745691297907389, -0.5579892907842356, -0.6332733318402365, -0.8781490884608811, -0.3759566450528022, 0.9050695993669601, 0.626371069089203, 0.8160348350599868]}