{"X": [0.48303324723189384, 0.4868567960722507, 0.9988381970204521, 0.36891944270570726, -0.651776549159054, 0.006349436077097537, -0.23566834828521724, 0.8728184037005934, -0.25313735834162887, 0.2923336935591793, -0.6785357660801272, -0.6604882570073204, -0.9181422816171445, -0.2138482407100215, -0.0026411653752150275, -0.18685977153472746, 0.2114498190283946, -0.9904815922066561, -0.8288615299774266, 0.6092125982675768, -0.10074714776576345, 0.7376578161320886, 0.05358381115252856, -0.43265323111905646, 0.7633295611953214, -0.6147151687004994, 0.22303666747270057, -0.9123793941154628, -0.10024704800520783, -0.285493383590171, -0.36330787797659675, 0.08662009818986244, 0.8423291585569008, -0.881488604081608, -0.40567123192697035, -0.8721766924928582, 0.036429491795651754, 0.9089531480767041, -0.06176390749379078, -0.6648491797920233, -0.6104661276105531, 0.14605320350544507, 0.606222535649182, -0.4844522984939003, -0.597783755658182, 0.45174039322567533, 0.45228566068187365, 0.16639455633143077, 0.6543966532291815, -0.1826390660459674, 0.33537294732633083, 0.776154579897342, -0.35702520373851376, 0.442996600152009, -0.5893910076871933], "Y": [-0.5737870169740084, 0.859344602512791, 0.04102968136304915, 0.28258857326542774, -0.7244372680958833, -0.024955257202038363, -0.7170923604599003, -0.23502696606760445, -0.23968238122445107, -0.8749304969838488, -0.6232649127024593, 0.32524926004431565, 0.003082454303515817, -0.9298787492284805, 0.9628306802672513, 0.9648109005587718, -0.2468922678095354, 0.12811231499031833, 0.5458916367850589, -0.5129490434853806, 0.11063829260174968, -0.045615212491878845, 0.413611632569254, -0.5464507832343479, 0.6300491949945102, 0.5117898735523269, 0.9129049538723967, -0.37273898425258034, 0.5387828383193749, -0.8332212250253938, -0.9279834076703835, -0.9962371484119719, 0.24005108557276678, -0.38252696574463874, 0.24214504553383656, 0.053239288149851, -0.610483712428798, -0.31932175487736525, 0.7433730972192035, -0.16230012609689615, 0.7666816383899276, -0.8765162626690216, -0.06304302096836266, 0.8258318618195906, -0.1291550188434014, 0.6205747016657664, -0.8747535006734947, -0.6548087293268919, -0.7208900986693949, -0.3569262865161827, -0.2652132366080949, -0.5976083063578735, 0.7383480003007031, 0.6457306661969408, -0.5214017521978547], "Z": [0.661398020272726, -0.1565161788774443, -0.02527491681844744, 0.8854615423910405, -0.22445038329236275, -0.9996684049220936, -0.655926044753954, 0.4277269682666795, 0.9372693497295207, -0.3860539302450412, 0.3887545018955415, 0.6767334639250944, 0.39623887893836324, -0.2993233062735102, -0.2700927718054725, 0.18499554574356983, 0.9456919065576928, -0.05033339098043144, -0.12243726970007483, -0.6047671360941343, 0.9887412100379113, -0.6736320944614786, -0.9088752348841763, 0.7170793004297419, 0.14270947022579747, -0.6001636332691358, 0.34184673489432266, 0.16920251420075252, 0.8364589544614606, 0.47353555103436273, 0.0827899806051745, -0.002915941282209488, 0.48255265511668205, -0.2768591001799619, -0.8813606688015244, -0.4862853023375428, 0.7911905769071464, -0.26802572910727956, -0.666019262530617, 0.7291325237560079, 0.19882246451523614, 0.458680393108892, 0.7927924159439587, -0.28863074418288437, -0.7911849104847486, -0.6409505884081528, 0.17390800499409906, -0.737250554167691, -0.22821587561533993, -0.916104032055107, -0.9039839187339058, 0.20111782684897517, 0.572167138472165, 0.6219211517440263, -0.6170562801418376]}