{"X": [-0.8252767026409022, -0.5594178571918121, 0.26054853727225746, -0.4527171213141867, -0.3580565405796097, 0.8337866343887533, -0.828992959017221, 0.018257198505124007, 0.0001000578251546223, 0.0013131432809807648, 0.589478359002921, 0.3919104196865656, 0.9564733382797999, 0.24290830206383765, 0.550140653657609, 0.4206319695969515, 0.30535410250851946, 0.8200253526236946, -0.9260035009279839, -0.6642615218208096, 0.8435100525697067, -0.3198093728128063], "Y": [-0.4610510814765879, -0.8015344399798263, 0.9518936536039178, 0.009894307716826617, 0.870888129824295, 0.4423441875562592, -0.3081818340589667, 0.051514806679427254, -0.9999183575687193, -0.697714991104601, -0.7783345643719927, 0.5437405962685717, -0.20006091545855822, -0.15543213464765376, -0.33466627052766307, -0.7221379290727228, 0.5263413647750825, 0.47186258731160524, 0.3615309864551702, 0.24956132210219314, -0.22342111005933937, -0.6745107407188415], "Z": [-0.3261138824819153, 0.21117339458640952, -0.16128525026756682, -0.8915992994298508, 0.33667399525253555, 0.33035052300528955, 0.46668472340105965, 0.9985053326825679, -0.01277764397322781, 0.7163742505441064, 0.21612628292524674, 0.7421269345001555, 0.21244854263039625, -0.9575157483338522, 0.7650776095039533, -0.5491680594750105, -0.7935512836659772, -0.3238890546930893, -0.10868699141051259, 0.7046103725740258, -0.48844016910334387, -0.6654000493808211]}