{"X": [0.11825563697926132, 0.3677977033437467, -0.46272738086128956, 0.3036252022110091, -0.8202878803392114, -0.05760303375053059, -0.12445855677171232, -0.0004091582656668222, 0.8900063709683741, 0.1792509955221882, 0.820838370236533, 0.6444500795054457, -0.14698910374241472, 0.7266275481018438, -0.3592558198136307, 0.010070990393315478, -0.31255504228284803, -0.11035484812032019, -0.029097561546936122, 0.33316582508468634, -0.42567618737403745, 0.7243450794766422, 0.0872339061254758, -0.40385522813321495, 0.48278443242577346, -0.23046679257181832, 0.10727428270627132, -0.7654361269658203, -0.6013273806792021, 0.35189882940387923, 0.2637712518816792, 0.7528653003158079, 0.5579093192361759, -0.42789666508923685, -0.7631872383636483, 0.8253830155704682, -0.031365350941756895, 0.43643162866338453, -0.5798815786969909, 0.9190212467643054, -0.06000965173597389, 0.06397725160035125, -0.3717388477935201, -0.5093823524789026, 0.09337052229290607, -0.3482571988366738, -0.7609997676697002, -0.5610873537946734, -0.642144623383021, -0.845285535580508, -0.8902228661980134, 0.46220988056961254, 0.5513281756566717, 0.13034679936585683, -0.7413898611964868, -0.969015143221621, 0.021622462384663192, -0.12043973843199027, -0.6541587660975733, -0.22000945371013111, 0.3454689886156167, -0.7838842255968936, -0.9835584590856566, -0.3351985320211244], "Y": [-0.38337822163564017, 0.7215466220732731, 0.16421724028650111, -0.10424754322389042, 0.343812231364354, -0.16998039808359222, 0.5263060156763022, -0.7754264347854356, 0.18646804627610708, -0.8658861474946511, -0.4307301780917236, 0.6891634574866763, -0.7222041166454553, 0.34338720679449125, -0.4720442466728377, -0.2850134104155398, 0.9489106407403243, 0.7154668041610116, 0.5719715169510203, 0.5872277982849827, -0.4847983055071544, 0.15396026347853325, 0.9644442601893145, -0.6437956367924544, -0.46184641861948683, 0.9156027250377697, 0.16500299871040272, -0.12946744272398517, -0.2854298870589081, 0.08465697462898378, -0.29079499911557366, 0.0711761784575547, -0.15287174947675322, 0.7810539413161957, 0.3601235493322976, -0.08939462430916843, -0.011060202610845934, -0.8134988866565199, -0.038244939439035466, 0.297100356648962, -0.4342957476222058, 0.9647444813325182, 0.09519080804792786, -0.4113323720008599, 0.4633466455683734, -0.06237878731155335, -0.23533826084852863, -0.13610254142826048, -0.5231416862820566, 0.0703508104292545, -0.251893902362164, -0.1316087024539628, 0.06263608000405524, -0.0140211663674707, -0.6710667004342532, 0.2263702376151007, -0.0043665117236576945, 0.1252322356594722, -0.5295431878593181, 0.29018255853426606, -0.46341082475995415, -0.3243712873622675, 0.05411409058665957, -0.08408134646990213], "Z": [-0.91598948874871, 0.5865963872968486, 0.8711578898190251, -0.947071373400182, 0.45707870540298356, -0.9837624483431346, 0.841137352344573, 0.6314377853957287, -0.4160749059408372, -0.46702276195189446, 0.37509449959777375, -0.3312669978890662, 0.6758812153635868, 0.5950610326255449, 0.8050524735153041, -0.9584706208516779, 0.04333522162576788, -0.689876119053247, -0.819757229738641, 0.7376747561879909, -0.764048680700448, -0.6720271148604032, 0.24947447687083651, 0.6499447151538869, -0.744054485515461, -0.32947944916954786, -0.9804418589016025, 0.6303536442427189, 0.7462808860067561, -0.9322019150971784, 0.9197081032426241, 0.6543147493374779, 0.8157005698915157, -0.45481774895000115, -0.5365223838901563, -0.5574508756405563, -0.999446790318778, 0.384378712874202, 0.8138026046254645, -0.2590971363694342, -0.8987691835481435, -0.2552939423803777, -0.9234440638741085, 0.7558672494077284, -0.8812444789088247, -0.9353212337758474, -0.6045620370048488, -0.8164907100686815, 0.5603329891539889, 0.5296632201789366, 0.37954276498301803, -0.8769499277280367, 0.831933870093538, -0.9913693150328856, -0.0032491973375484333, 0.09882392285911468, 0.9997566717435753, 0.9847899047807934, -0.5400558498243411, 0.9313377062057978, 0.8160279317524627, 0.5294419597985257, 0.1722916793145496, 0.9383881240226197]}