{"X": [0.23574169398700634, -0.7369444889939101, 0.22958325263425186, 0.9861867922914607, 0.6910760572915433, -0.741355009531109, 0.3276505784959729, -0.4781325519479429, 6.675155766467423e-05, 0.5365255766240167], "Y": [-0.6363989083734458, 0.4592677484847605, -0.04822680329240629, -0.10544037620548083, 0.5617419858555087, 0.4402866148880817, 0.4489326296583618, -0.7791134671801634, 0.999996160862445, -0.7773003161229788], "Z": [-0.7344537311071565, -0.49596971212287116, 0.9720934654415042, -0.12774168378225673, 0.45481845209433297, 0.5064982197338144, -0.8313270069228369, 0.40542751266564553, 0.002770163280489976, 0.3285491198943986]}