{"X": [-0.537620264558903, -0.7841541345201698, 0.2401735470199407, 0.0876546577800193, -0.15266146544442818, -0.10840225381162805, 0.05998614524470666, 0.031382778412849054, 0.11152491262757096, 0.3689744040965608, 0.31623503275911585, 0.28965664387268364, 0.6074247572297611, -0.2125453261011622, -0.6930486342024946, -0.510157841006964, 0.909533643200822, 0.016794229698298448, -0.24565956682584195, -0.6708503491860444, -0.18981130953514955, -0.8620232908618022, 0.05855632955579708, 0.3056345123456789, 0.0419192362124804, 0.012720910833773738, 0.023801060205292365, 0.5335819849371558, -0.4404403844239192, -0.19633574536763782, 0.24711921115168478, -0.0741892295758775, 0.41227932651252464, 0.08560914011005184, -0.08693908725245163, 0.8028457877295697, 0.45329465981708167, 0.27462126246382434, -0.13249766717673195, -0.34622512110354775, 0.6221702650488913, 0.30473840193221513, -0.7460045210876007, -0.3826833255785255, -0.897439046386103, -0.2908331507714831, 0.5160629308880984, -0.2237662764544848, -0.5592482346454248, 0.3457265201571537, 0.45975608306770027, -0.852273317801317, 0.1409879699422211, 0.0720610595100006, -0.13625641509734907, 0.05221360704583883, -0.37235729770473414, 0.4286488099758001, 0.2797789359919592, 0.26894748833241316, 0.2107171031662771, 0.5889976452428519, -0.2170676656167675, -0.07531506245292305, -0.19200140194381424, 0.27633432947584324, -0.0002607899187881932, 0.7151901696247303, -0.9303608680826823], "Y": [0.13303038863712238, -0.6174842305968274, -0.8244011478666076, -0.20302451001977878, 0.21784911816003338, 0.7692946456076188, -0.052126877915902016, -0.4327194277295882, 0.39340175986045556, -0.6624868797757512, 0.3899581929754626, 0.03571152979241346, 0.31348650957522495, 0.8967256536570851, 0.09733782819015685, -0.6345641491104552, -0.339665470041023, 0.00039600575700623445, 0.9677673373214077, -0.6255243032095185, -0.8042523171846935, 0.3739081266242708, 0.6577921400303472, -0.8088601714003977, -0.6122408068556985, 0.5045002998354569, -0.9892707678639532, -0.8361570808202232, -0.4606059693546752, 0.4236385535178643, -0.4032782971432971, 0.8606289431530906, -0.8523076602789719, 0.18999644644843086, -0.28391427948825, -0.23608636300996624, 0.8835989585741783, 0.14001910091155384, 0.9470204187798951, 0.7818275062409226, -0.10867075027217793, -0.24284771558506987, 0.029815497963734054, -0.06081304169963681, -0.2538945934606353, -0.4967941233382435, 0.17782879957553038, 0.659325064666681, 0.011757285253537347, -0.9008733285668002, -2.9326777899499634e-05, -0.4842441666233888, 0.9891576645842182, 0.7538155421118068, 0.21510799971741193, -0.39229516696636396, 0.2898332002039579, 0.796810149170411, 0.7771272420736656, 0.5989250226331492, -0.612259612020514, -0.789888247285057, 0.47851908417960626, 0.6023132427061225, 0.015687265605961044, 0.5814506007563717, 0.3322247331373049, 0.28932278307148757, 0.07221387132984332], "Z": [-0.8326267872430428, 0.06176988165091054, -0.5125225992169322, 0.9752423848975681, 0.9639690029691077, 0.6296306056792408, -0.9968372239124207, 0.9009822518143561, -0.9125772565663189, 0.651896482001995, -0.8648283134745028, 0.9564641735581626, 0.7299050435630023, 0.38821075001321664, 0.7142891136180646, -0.5805749890607044, 0.23953271247921626, 0.999858888557921, -0.055477545374432544, -0.3983455222432011, -0.5631606139243075, -0.3422112780960281, 0.7509198737436965, 0.5023273514207028, 0.7895593530926256, 0.8633178012142998, 0.14414179610011982, 0.12701024188909943, -0.7706194967448917, -0.8842978293902036, 0.8810781523411936, -0.5037993453966888, 0.321865514089602, -0.9780452062489678, 0.9549001398106393, -0.5474503359443788, -0.11737474936264616, -0.9513032185285065, -0.29256912791112455, -0.5185305352647364, -0.7753030564393992, -0.9209557499809167, -0.6652730947498433, 0.9218759386617044, -0.3607501814733583, 0.8176867844284375, 0.8378878023964257, -0.7177876514847354, 0.8289168705542449, -0.26248889335931763, -0.8880452371485283, -0.19783270421028665, 0.04110361207809657, -0.6531227542912427, -0.9670381263437304, -0.9183562713969429, 0.8816727050927461, -0.4258565296967488, -0.5637348637455251, -0.7542917643614891, 0.762060673386117, -0.17075810580852696, 0.850823785880248, -0.7946989360937562, 0.9812692654666292, 0.7652153535006929, 0.9432002219467852, -0.6362352933215184, 0.35946322750455967]}