{"X": [-0.147935675237164, 0.6514455619060209, 0.8874024969116062, 0.2911302594179114, -0.7915283651129028, 0.6491567525039698, 0.6156709498043439, -0.3860143547491025, -0.11330750786156395, 0.95235342574142, 0.018916459730036538, -0.3958434564365684, -0.7038054811469783, -0.48272721802396296, -0.16214862744920547, 0.24725644356187787, -0.6834586327524564, -0.8701099036564622, 0.7559124701907174, 0.7328090194487878, -0.0030911847338492564, -0.5000847663411622, 0.5070337583428478, 0.581110155031888, 0.06415912605684873, 0.7463105900952061, 0.5289193509334206, -0.972449746579918, -0.04490805465051731, 0.3429643078374371, -0.3942967489211028, -0.8470323030562563, 0.9316459897044549, -0.8498286044958391, 0.3253394926055841, -0.7450422657117358, -0.52732318215717, 0.35686332766374035, -0.2058545912794591, -0.5440517635857636, 0.1364483137952245, -0.34049728810655555, 0.8926032820352896, -0.02897736190113644, 0.33319154344664526, -0.30148221661172553, -0.9643374552714417, -0.6083367831278529, 0.2189351352176631], "Y": [0.1850439655052418, -0.47677974917606014, -0.04940623093625738, -0.03764481930140553, 0.4733860547650126, 0.19984189058709884, -0.7693169026254624, -0.6422008635731751, 0.7341297366734097, -0.29997578008970255, 0.03386553226569261, 0.6937809974250905, -0.7056392857196284, -0.1794103385151265, 0.9654119061533778, -0.3948086412182267, -0.48785355029850047, -0.03444246339708598, 0.5425538284859326, -0.6067427610934428, 0.9452389912794897, 0.41686461590181617, 0.8410667157029197, -0.37174303262148994, -0.9889335573999994, 0.4083777892936997, 0.08558056745845503, 0.23204646569736614, 0.4863240893879476, 0.5747603212110204, -0.2063817273401685, -0.12258542813978307, -0.018057918472001906, 0.32787473046492416, -0.9074070629615225, -0.5512713585105772, 0.8377677948107891, 0.6724945915285699, -0.6198539295441733, 0.2362044252223733, -0.7442644638303171, -0.87112732753641, 0.4454453996864996, -0.3819625397576036, 0.899545290689218, -0.9251222797196254, -0.26283206671559267, 0.7239199429173226, -0.8013607171749338], "Z": [0.9715316602263764, -0.5901692559330433, -0.4583403024170143, 0.9559424876168148, -0.38650807284675387, 0.7339337364129501, -0.1705895216646726, 0.6622469092064548, 0.6694885647970633, -0.055113372589200245, -0.999247363406901, -0.6016443181882443, -0.08204293483635976, 0.8571968055311061, 0.204175596175548, -0.884867440883972, -0.5430315007228321, -0.4916527964672654, 0.3663764192813518, 0.3079840302275614, -0.32636435764628785, 0.759038285254793, -0.18847691539663608, 0.7239600164485557, -0.13376855232753102, -0.5255930786486213, -0.844346070448402, -0.022269443953862492, -0.8726237142712142, 0.742984560210367, -0.8955091604279306, 0.517212809573584, 0.3629182572537033, 0.41266148851474876, 0.26601999293038975, 0.37551552776020586, -0.14168762662104128, -0.6483822867210236, -0.7572350977588227, -0.805118095713038, 0.6537983370595329, -0.35383439065663674, -0.06955412854722559, 0.9237234059604486, 0.28249188550203097, 0.230775303343412, -0.031186167873123755, 0.32537097986795926, -0.5566762142719043]}