{"X": [-0.4791291908104187, -0.2632648689773012, -0.6076195264643055, -0.7935506145462498, -0.05147801380001913, -0.8628428611450322, 0.7537115685581046, 0.22056896714004434, 0.4991324793127253, -0.8755505549352721, 0.34020972125057625, 0.6072778846176774, 0.4282683457797598, 0.9776988812972407, -0.7582009171812006, 0.7958019388618361, -0.23228080462980738, -0.3248235854395081, -0.8722500308489282, 0.6106769594000804, 0.27315472757389037, 0.8914800328691459, 0.31086214224603564, -0.5098625623580383, 0.7769782791780537, -0.356998255359351, 0.5690220323815965, -0.9910551362883748, -0.23997881014478145, 0.37477094277711315, 0.6694641623682507, 0.07975085333047785, -0.01587450793624659, -0.583683242725, -0.6129138820316884, -0.14187034930933917, 0.575252646189523, 0.9546351437877084, -0.11496726571149311, -0.5139087133601709, 0.0830669503112642, -0.5158853429238214, -0.1762631883897315, 0.27771835055610034, 0.24554882016919446, 0.8829885510776299, 0.15336540553471778, -0.13943973943665947, 0.7540723276792991, -0.8012318475251412, 0.27866727198150726, -0.8792076949429597, -0.3517362860277434], "Y": [0.15048129741873711, -0.9647228905133176, 0.27009680879043757, 0.6032387421545401, -0.9336423403070238, -0.4586476462821638, 0.6404310644249727, 0.7784481268451638, -0.7455575282407763, 0.3788907838599364, 0.8793211099711773, 0.32315441796289956, -0.1081845297301702, -0.17822114894766872, -0.22177639933740362, -0.3620686631493494, 0.5582031526435915, -0.706837678532533, -0.44405161972551627, -0.7232422034574257, 0.4065773589484967, 0.2127577288768131, -0.9504548892208735, -0.25331882951752, -0.020567492157967136, -0.8517184553061757, -0.13685472139659838, 0.01416005661530759, 0.009727293987327273, 0.9169570744214229, 0.579995267309007, -0.44894126226464265, -0.012038020016177452, -0.77321975302656, -0.5817089916209561, -0.6053885052361178, -0.4830455159057279, 0.24272610088004348, 0.9731441607838515, 0.7540352534107746, -0.9031068298569973, 0.7353899335788878, 0.5966283975043065, 0.6202535146654394, -0.7659577304632811, -0.32348292557014796, -0.1586456246237788, 0.956292301326471, -0.648916897244246, 0.31653777495205615, -0.5342095466785862, -0.05315071815960437, -0.31794397879163355], "Z": [-0.8647488639139845, -0.0011633064918053692, 0.7468910395369025, -0.07987766970234886, -0.3544883559176924, 0.21247243004890312, 0.14753617570337813, -0.587680052874036, 0.4416002040065605, 0.2997548993069842, 0.33324425145178704, 0.7257994165093676, -0.8971523457753037, 0.11109509250141136, -0.6131448424985101, 0.48539216852869127, -0.7965267529589226, -0.6283869306000581, -0.20493423994830479, -0.32248157528131777, -0.8718264425873414, 0.39999687473629963, -0.00048174094960492673, 0.8221129716271172, -0.6291913317519897, 0.38357257274372686, 0.8108543099076287, -0.13269969718534402, 0.9707293909391943, -0.13688120440169588, -0.46413707587708414, -0.8899952496666991, -0.9998015233394437, -0.24788119269435172, 0.5347440717578604, 0.7831842450629515, -0.6601147041350621, -0.1724986440439229, 0.19943161772175566, 0.4090582732890787, 0.4213050386971775, -0.4393904397539962, 0.7829213521868778, 0.7335925949118955, -0.5941502605040716, -0.34013235002040915, 0.9753515356900314, -0.25702449978466724, 0.10139913756647313, -0.5077709754799404, 0.7981006902414282, 0.4734647086237853, -0.8804505729690649]}