{"X": [0.8991135019047298, 0.0013533321837402433, -0.3986515839916938, -0.39698256483418376, -0.18057896585977268, 0.5605604989037356, 0.4259029965465392, 0.3396694847157062, 0.7241694094389495, 0.2858815729638728, 0.12026683438312875, 0.3774009064193078, -0.4586201683549078, 0.8787987031496607, -0.9364286476653467, 0.06421152741193656, 0.38487048791334294, -0.9319352273865456, -0.3589858157784819, -0.7975231272377089, 0.7458333255214925, 0.04695879350573602, 0.5245429351765345, -0.8458812133342088], "Y": [-0.4017510952808868, 0.9614818375118027, -0.6975426434601034, 0.1732760503265602, 0.1058238122782575, -0.4355747019559614, 0.5211155004448572, -0.12898225392127413, -0.38254948728103416, -0.8758956127250964, -0.5243112841724302, -0.910219692410547, 0.8178160111433506, -0.3538290799454804, 0.3313820405858347, -0.7837055608762301, 0.9130438242256154, -0.3602944355508495, -0.9322551965680621, -0.058401786427960886, 0.5193309914360704, -0.29253402380588067, 0.022800085460121192, -0.19701305928739987], "Z": [0.17375548375007094, -0.2748651389807878, 0.5954084103668712, -0.9013213930673678, 0.9778509895909044, -0.704305761785867, 0.7396250893045643, 0.9316588535114957, 0.5737896445683391, 0.3886883093799321, 0.8429908456424174, -0.1704953588281337, 0.3476269740622769, -0.3201840432117276, 0.1152706858174195, -0.6178045593867851, 0.13500252803858592, 0.04104450836692134, 0.045049223541608056, 0.6004549049370885, -0.41716659966442615, -0.9551014169335245, -0.8510786481045082, -0.4956519216128048]}