{"X": [0.6472319496492799, -0.7868623256829873, 0.4476534819152054, -0.30802316167911253], "Y": [-0.61264018649189, -0.5260784734694026, 0.4410890282761554, 0.6976296675283059], "Z": [-0.45361085221627373, 0.3226284553055782, 0.7778475617134695, -0.6468651937255154]}