{"X": [-0.1741237360031573, -0.9005196919238168, 0.3749247329253152, -0.9059134632609566, 0.8814578468481559, -0.5583149454954449, -0.43681645975589445, -0.9546887121390272, 0.41297562082365785, 0.9140052220338681, -0.42086452616001213, 0.25504982705371954, -0.16966782885913548, -0.1265268958023657, -0.7894635790286615, 0.41659296177680233, 0.8647661366312241, -0.9117946419483536, -0.6073891682415891, 0.5206797343043221, 0.1077352766426604, -0.6371226793161932, 0.48887253853032814, -0.41799029679753136, 0.6044469724928816, -0.0009128677943511785, -0.6213871816846622, -0.46295092808510074, -0.08508594628188093, -0.021069510443422472, 0.08686911883797234, -0.605849968790555, -0.6020505099418163], "Y": [-0.8254577972686077, 0.3420079901646757, 0.46646100652927, -0.17058754017998737, 0.4383923389015237, -0.18191803339279877, 0.22637071149454782, 0.2568284137528491, -0.5964252441620452, -0.37567442751032026, -0.3060301711549183, -0.5928746446685024, 0.647800771416599, 0.4114633161480246, 0.021381471937581387, 0.029434866770740847, 0.2996711188227238, -0.3737480783396559, 0.5989563720522029, -0.807853344442327, 0.9778080135116305, -0.7656601540454941, 0.8426139719564296, -0.7095084541921484, 0.4148389325026261, 0.775178429342417, 0.7817609394103325, 0.787085813070072, -0.023921848721144844, 0.9408670560191222, 0.06137828344230087, -0.6667415698009727, 0.3211830151032408], "Z": [-0.5369360757937216, -0.2685047841677185, 0.8011526533867197, -0.38758313716915066, -0.1756252300276489, -0.8094382315920807, 0.8706019075695729, 0.15036166001850734, 0.6882790602158104, 0.15317695195300307, 0.8539429635303519, -0.7638384917173687, 0.7426755606604316, -0.9026011766572698, 0.6134248854138857, -0.9086164717944643, 0.40295998496059604, 0.1701261439393963, 0.5218521463794642, -0.2761622496977593, -0.17967915538305615, 0.0885393698192244, 0.22584360813342083, 0.5673463362118237, -0.680112135992493, -0.631741695121205, 0.05222838356934905, -0.4076424426491524, -0.9960864053379503, 0.338120183703346, 0.9943271405900529, -0.4340524097569537, -0.7310107073689074]}