{"X": [-0.9816146024914347, -0.025607453809361136, -0.26201620677408083, -0.9440421451333666, 0.5707824844726067, 0.9143330145291448, 0.1934061144676924, 0.49831429836461416, -0.48636520919449505, -0.9237674360035973, -0.41429671064668144, -0.35851685401541405, -0.10236391189177818, 0.9115826910228275, -0.3680775516554274, 0.8510364946076286, -0.20576754945187453, -0.6178324788647342, 0.33527905313399536, 0.7884241778993094, -0.7481128402909324, 0.07328247944284653, 0.5698649603755404, -0.5680530678152268, -0.6514475780496278, 0.7001161438937793, 0.6315760288903338, 0.1782132811493784, 0.9450922571907927, -0.6482727167156879, -0.23062331790271762, 0.6856768781456709, 0.5476739035438221, 0.6934843218374547, -0.14849697260204753, 0.9933523365314556, -0.8288889106417694, -0.8535729209763386, 0.17752134228012934, -0.059199142787242115, -0.25421096713814995, -0.7089564059985168, -0.8365332076821879, -0.6090462482926974, 0.6106180409142775, 0.0002471805862064691, -0.7933186354611607, 0.9074830104511012, -0.7468040960933581, -0.9676367953668792, 0.6736809867956804, -0.3284116229252451, 0.45819199958827467, 0.3640937862206247, 0.14208308327326513, -0.4393235413498528, 0.77943868960215, 0.40674495223246726, 0.3292484743358308, -0.21456970947456844, 0.27494766142976684, 0.13920717149901682, 0.16736784835976276, 0.3134998649956048, -0.30950511415898074, 0.27354496150335356, -0.253054040393318], "Y": [0.0661466871162229, -0.3044654209631166, 0.1180492772348644, -0.32885578826279044, -0.80428485720958, 0.059557967809606455, -0.7350994904395812, 0.5463547475225916, -0.8453710684550995, 0.3754698401822303, 0.866568544911384, 0.9134541499119483, 0.4740646788949295, -0.10536468537154528, -0.08162967140848652, 0.3339378184758512, -0.9780091308234052, 0.155025085920041, -0.39681321606849534, -0.6025015885545804, -0.6633520979512407, 0.08913733497961004, -0.6271489953339076, -0.29655831376558733, -0.5178297349135966, 0.6897435469702766, -0.5922030443770386, 0.4640093710119842, -0.3058525181956271, -0.6396843260563602, -0.8260550956652664, 0.694449645376879, 0.5499353926911121, 0.21080528740040455, -0.8932783600174541, 0.09293143693066772, 0.2902041092207469, -0.19109551696463073, -0.9724071958223259, 0.9819076230308276, 0.42503906440073047, 0.6854748792256505, -0.22502550221699563, 0.16714112888819774, 0.12114420636536107, 0.8289492283441722, 0.36333417532581674, 0.38334786676445665, 0.6125540402434494, 0.0077908265963853715, -0.24962019841958344, 0.7021426934734252, -0.05227275234491852, -0.8941542167351146, -0.06781882765623376, 0.6869788269764134, -0.30502887080676994, 0.8075879775890271, 0.8854866725888777, -0.2607441467504797, 0.9577582419121244, 0.7431120827546889, -0.8028716624125926, -0.47612578147789636, -0.5347591988147031, 0.333482515158462, -0.6368334305148252], "Z": [0.17904577057035195, 0.9521791143199654, -0.9578162013309486, 0.025264574764882468, 0.1653276258906657, 0.40055959233606736, -0.6497867450494645, 0.6731859697772283, 0.22089961499350472, -0.07534005105433636, -0.2782394517632367, 0.19252839114148876, -0.874519473634784, -0.39738555648656304, 0.9262048978023647, -0.4052436529269139, -0.034027277566944694, -0.7708762876073836, -0.8544748258918744, -0.12401270698200788, 0.017063772605188102, 0.993319794285527, 0.5309784031275229, -0.7677036398781895, 0.5544983486833738, 0.18463809052350658, -0.500407108224577, 0.8677184624260541, 0.11512976379462475, -0.4129726961433187, 0.5142430010850799, -0.218144238549483, -0.6305746262281291, 0.6889416710939167, -0.42426692146873085, -0.06793293411519316, 0.47825176299360755, 0.4846604708163661, 0.15136187944136306, -0.17986906717722734, 0.868745404546141, -0.16584632749701197, -0.49957553562693446, 0.7753234876324648, -0.7826044271367985, 0.5593238022195725, -0.48850160662003017, 0.17181093908638903, 0.25896175362321144, -0.2522267536822009, -0.6955887323490555, -0.6317764192572324, 0.8873148544206759, -0.26062223913231924, -0.9875287358162781, 0.5788392845185398, 0.5472044564197465, 0.4270365350729057, -0.3278853379079423, -0.9412610316545372, 0.08427890319468284, -0.6545271544154847, 0.5721757571151224, 0.8215972704797649, 0.7862818728627115, -0.9021987398127504, -0.7282903503544012]}