{"X": [-0.3368688920361454, -0.10709050728633007, 0.3240239790002666, 0.26571240342094815, 0.07427812681737837, -0.7403533526945159, -0.9207982988163117, -0.42119543338044757, -0.9005672307004743, 0.7504308497475256, 0.4702659246482818, -0.7627702362393027, 0.7075371958083552, 0.48379502159623744, 0.9408987101916962, -0.2550694283762181, 0.012190190625208869, -0.47266703157656365, -0.21041107124961705, -0.36845850108583755, 0.5059456258065295, 0.28033393399351325, -0.24918764976786323, 0.49473067040417956, 0.86598141563084], "Y": [0.5035356972538819, -0.8674771494932416, 0.7416635974670807, 0.950266368746865, 0.13777647405095786, -0.49596628158698197, -0.35688706730378955, 0.8594733412361761, 0.21519462508359868, 0.26056536800869046, 0.6239349366727344, -0.09615991747648849, -0.2242749561548568, -0.7306302469342758, -0.3205811950268539, 0.44127636794912534, -0.8644137792260428, -0.8804598330307123, -0.4089729196267515, 0.8559902944306481, -0.8417731078243833, 0.04411734888277599, -0.3075672251770972, -0.44150437100686823, 0.49518285565425707], "Z": [0.795594841090229, -0.4858137692122739, 0.5873189671933157, -0.16245229175641246, 0.9876742393494867, -0.45375583818037246, 0.1573598236154537, 0.2896549371299933, -0.37771674085696555, 0.6074201418636875, -0.6241435371081618, 0.6394801302451495, -0.6701431642487942, -0.4817902233788636, 0.10925801826299339, -0.8603573407587439, 0.5026332833554412, 0.03709932182843729, 0.8879573931825554, -0.3626554133307679, 0.1882473337684187, -0.9588881816871433, -0.9183179826182375, 0.7485422193458835, -0.06978629699376282]}