{"X": [-0.8475586258798428, -0.5020902957737672, -0.8631421997275786, 0.6604365395653372, -0.4929034282429509, -0.38285589233453493, -0.5923446309264337, -0.7761481068190045, 0.8206841595628481, 0.37653404912063315, -0.6523673058231843, 0.3325053987954002, -0.8396234886008543, -0.06766187867364962, 0.12685729877446872, -0.07605382608909537, 0.04947934641758831, -0.40899626867952166, -0.7652349127255239, -0.3913461938314307, 0.303901866034827, -0.9508973643047806, 0.6844422925848662, -0.994282556587574, 0.034885689617384794, -0.46477468030118035, 0.9292523437298457, 0.5352142688307752, 0.14533224607337047, 0.19274929145439537, -0.5215047653902811, 0.5139844917954214, -0.7655473588406136, -0.9115656661897411, -0.5009963690554482, 0.01587116595849459, -0.3951661344394727, 0.6041075611518055, -0.1702142001369834, -0.7047170644676082, 0.33775675933778815, 0.28320059827512023, 0.48862239486896486, 0.8396384852154769, -0.00018991226809349083, -0.22513803053088707, -0.07671753282384741, -0.14007020283933458], "Y": [0.5186670399462958, 0.8605004690487087, -0.503252312575477, -0.34772261470446664, 0.7460740786896941, 0.44705758046861893, -0.7554695052725419, 0.06955760727036255, 0.5683340188404888, 0.8725043751164028, -0.669338245701678, -0.7017602819023975, -0.37033739070530985, 0.9312225952076407, -0.9490799954467822, -0.9869767927217405, 0.6187093330760138, 0.7483850572273, 0.5135104628031596, -0.4581028577886941, 0.9424670497455473, 0.14941312665165601, -0.728822300678672, -0.09992001780109455, -0.8531560342162684, -0.015428764281123874, -0.02756779301458216, -0.1737477068790172, 0.2812748887113115, -0.4638595966519633, -0.42197171334773653, 0.40929425502747874, 0.2914596573139022, -0.09673184979514478, 0.09125443086587703, 0.8405254466256605, -0.9076296664998637, 0.6570628124548571, -0.10037704674409474, -0.3146792738401215, -0.005426017102071922, 0.5835411625581549, -0.7446935558168014, 0.40239340425046444, -0.4274909852051527, -0.777921736351741, -0.051048571630578084, 0.9822407658116362], "Z": [-0.11237827801679642, 0.08628022749601091, -0.04150485437718459, 0.6655167619452208, -0.44768256559047553, 0.8084311259781326, 0.2799886869426831, 0.626702366001675, -0.05894025170662753, 0.31138115751528084, -0.35553229267395686, -0.6300576691987642, 0.3973444531326866, 0.35811499319226897, -0.2883650256018942, 0.14174846089434617, 0.7840603008970181, 0.5221511833991374, 0.38823000004848246, -0.7981164879010355, -0.13928214517472823, 0.27105335294439314, -0.018889207358166682, -0.037658833071492266, 0.5204880113319507, -0.8852945553789954, -0.36841565990182057, -0.8266543538833033, -0.9485583668028598, 0.8646860616649874, 0.7416014110083687, 0.7538555266065929, -0.5735751995428527, -0.3996135451398803, 0.8606249282007824, -0.5415395458005369, -0.1416054895881902, -0.45091297946292336, 0.9802813751972751, -0.6358858495544707, 0.9412177908752275, -0.7611025770136972, 0.454620350575561, 0.3648105842225274, -0.904019591326238, -0.5866435368434273, -0.9957451799993308, -0.12483355420045567]}