{"X": [0.32290016431347834, -0.9252928554952301, -0.7167411780014125, 0.2923351493595749, 0.03666567306081047, -0.47732441451837426, -0.6212867302140755, 0.437131031101968, -0.31095378362911974, -0.541238544493004, -0.14168776384898057, 0.05322991972981644, -0.8441612156823819, -0.4099914351330307, -0.17580563680658148, 0.6054299840363438, 0.9164230975889998, -0.8619355770531283, 0.562964903339087, 0.06082217212721451, 0.7731038920830471, -0.27665019093431503, 0.272319785256603, -0.7961970848321188, -0.6800252832179984, -0.5837756943263077, -0.09821828349888732, 0.43088777016694935, 0.0036078765244949925, 0.6220838266700981, 0.5730042248412142, -0.37146824413453294, -0.2550121504864808, 0.15922047982007229, 0.556910613472044, 0.6539552299537118, 0.23820810305807336, 0.4453695119582965, 0.17946299482897632, 0.22861286574020406, 0.3575820486747042], "Y": [-0.013132697035162856, -0.2772177293758134, 0.3617515596396267, -0.48423612901149315, 0.07380320481260286, 0.48014428940110754, 0.086669543669067, -0.3092855570331225, 0.6223053276258689, -0.2981287694440515, -0.4205941282910459, -0.9925172497959813, -0.5308624245309405, -0.5781875904123939, -0.3666615701842194, -0.33862874225003353, 0.017984848570212403, 0.24194634726001105, 0.2863995941217383, -0.2659583216492375, -0.23203166542431167, 0.09365722552059157, 0.2760224283653994, -0.12326553970276836, 0.702893039781469, -0.7917403303095912, -0.7727068089212689, -0.874330764415559, -0.880215193035446, 0.31865853006925404, 0.8145226366678432, 0.17878490929534435, -0.12611745146092568, -0.1476726102278389, -0.7335909912170463, -0.7485379228630638, 0.9093449525763878, -0.169728869111018, -0.6999353205065558, -0.8797479927012948, 0.9226246491103343], "Z": [0.9463419129230785, -0.2588116343775944, 0.5961693491412026, 0.8246547955410674, -0.9965985728358168, 0.7359503139887889, -0.7787754419985893, 0.8445465682000262, 0.7183619029814947, -0.7862442844211143, -0.8961167093758328, -0.1098912394278037, 0.07467883340528833, 0.7054120309511794, 0.9135927271038639, -0.7202673873999244, 0.3998065174897589, -0.4455659615114566, -0.7752714299490959, 0.9620638411889557, 0.590314897564397, 0.9563958364421041, -0.9217665396384627, -0.5923477093959434, -0.2085832898653375, -0.17986991987293663, -0.6271182952467914, 0.2233415409570253, 0.4745610573746612, 0.7151702271554581, -0.09065888081034278, -0.9110693166866408, -0.9586778351152495, -0.9761360760643788, 0.3894802000196969, 0.10969747149336638, -0.3410991891830308, -0.8791121139014771, 0.6912912415143128, 0.41686883663341173, 0.1445642947606153]}