{"X": [0.4723278958724915, -0.9847446345496311, 0.20979897247204377, -0.840026953030742, 0.8305322248422677, -0.4066576499924634, 0.7768154093877221, 0.5670856102962121, -0.8662822839435803, 0.419804546599077, 0.34824021086664286, 0.7790180956369338, -0.24544610412663462, 0.7648344914067853, -0.2703452011954237, 0.9009503976321704, -0.034077031972874164, -0.06810842962811585, -0.6090271096044726, 0.3182893653069104, 0.5816905173291136, -0.7475839630932221, -0.588242942172692, -0.23919314496833194, 0.9941095482242142, -0.11691685920369171, -0.9034065839880127, -0.5013760777825849, 0.5192066335631186, 0.834988242640484, -0.6637375037734465, -0.8198535240284611, -2.6340949439419916e-06, 0.17231544042718763, -0.556135671466546, 0.3248800161012417, 0.14423250138602364, 0.02648529386616909, -0.3336722458606886, -0.06386345411920341, 0.4594871086247025, -0.47332800538907216], "Y": [0.8679853599591477, 0.17090165978321548, -0.6296981232368106, -0.4346434391089538, -0.43635340866600336, 0.026317874684854057, -0.6027685824876811, 0.35976028456175513, 0.08531020103978686, -0.12051227094936376, -0.6641348136633033, -0.2592982177971481, -0.8011384209918958, 0.5962645224168315, -0.8538517096387354, 0.11496476688026237, -0.4101495848228299, -0.2348780869308712, -0.4286838657774529, -0.8913463734389921, -0.17140230337882323, 0.6595160549853405, -0.8069842410871694, 0.863796051221344, -0.029574303829854796, 0.5315950235701395, -0.3724715129823823, -0.4495603977718894, 0.40815991417084585, 0.46279887203133363, 0.582283427148664, 0.08985369549442143, 0.99997699299321, 0.7779062303396832, 0.541649661926561, 0.8285015915255001, 0.0925688927962115, 0.35155748976355305, 0.8808057779417164, -0.9951112010385599, -0.8647618915842469, 0.10108277706663422], "Z": [0.1533224500106022, -0.03272044328941299, 0.7479737059159988, 0.324714950412556, -0.3461385939823999, -0.9132014701995828, 0.18228509457324615, 0.740936197149942, 0.49221659269476603, 0.899578198493811, -0.6615540074823564, 0.5708723508083291, -0.5458327952584648, -0.24391970002759522, 0.4448041480670056, -0.41841544352784227, -0.9113814097081309, 0.9696357698091, -0.6673201053384503, 0.3227902143648118, -0.7951461453379637, 0.07846522377719528, -0.05240873611317434, -0.44344449629527694, 0.10426680527583224, -0.8388904451413229, -0.21241825727494473, 0.7392682039574892, -0.7508861139534418, 0.2976774071015156, -0.4694662251457505, -0.5654790115858495, -0.006783323471528422, 0.6042923843546996, 0.6303401927985365, -0.4561119248361859, -0.9852045399968548, 0.9357915689938502, 0.33592263080473145, -0.07533363654808715, -0.20262889199555453, 0.8750673525477337]}