{"X": [-0.8919612470105617, -0.10142818426568623, 0.6708939848956058, -0.23978320327611544, 0.434639006673684, -0.4715455375960496, -0.26415815608708226, 0.8021411034854444, -0.047528237831517085, 0.6701802692270324, 0.010991546793601585, -0.8035936126419959, 0.8503316967766196, 0.33620114727753825, -0.37342937734316545, 0.2915711027906595, -0.7302890880461459, 0.3482715226034446, -0.26910790436702936, -0.4273029373142558, -0.1087464995723991, -0.3661338363393263, -0.3633205089604942, 0.5190957980684664, -0.9446962209147513, -0.5909827114254179, -0.7787242072999414, -0.9691151832262124, 0.8288152811226183, -0.06747097417205454, 0.22013564786420645, 0.93982443355798, 0.9974606993390697, -0.9121572901804155, -0.6837796260447796, -0.5998778412040721, 0.131671678678523, -0.10728194671321768, -0.3081369751585808, 0.7258702186129534, 0.39043944396823, -0.5071179663756868, 0.3208459782796338, -0.20393491209353146, 0.5850582034768894, 0.3037342246541455, -0.0228485067709051, 0.7616633052022941, 0.5576256362249833, 0.08393078086135411, 0.9422328075500644, 0.9567685830995752, -0.4311840143024624, 0.2734008203827706, -0.2982902055133985, 0.004097728511721534, 0.43892850185709104], "Y": [0.26380469594778355, 0.9458790242596534, -0.5079138447195817, 0.7700199143269872, -0.48227062817411814, -0.13979030277118398, 0.7452539139090653, 0.07602309104183784, -0.6909393370743113, 0.6457852540790904, -0.026772032142105592, 0.12613965243580053, 0.47441740231509216, -0.15455411560978927, -0.6545509919757216, 0.43934867589774207, -0.11877865997640658, 0.8384953519950872, -0.4618019289304006, -0.47951572433425405, -0.2683242544787671, -0.7732140514688528, -0.2161004800077452, -0.7886755511923873, -0.3059978692671616, -0.5997736767776333, -0.5724626798283566, 0.12639946874620264, -0.27049270085643967, 0.24462300286000585, -0.8484829053290515, -0.02646253111410062, -0.05292610512678428, -0.0734231492793059, 0.2574107814084338, -0.3373595204036663, -0.41993519720502315, 0.33091974837596777, 0.02507452161406276, 0.6875429794354891, 0.17247748935250454, 0.22371747344826481, 0.14459261531138604, -0.9425784009546881, 0.023201593787431817, 0.9465988845355016, -0.05953628510196972, -0.6154542954358186, -0.3704815037962048, -0.9860178246020913, 0.30005450549589224, -0.2045660322418697, 0.24308513535229684, -0.2992103966988189, 0.43200106669187127, -0.977242229582197, 0.6273402225606104], "Z": [0.36716783114437074, -0.3082615689672845, 0.5403006453568858, 0.5912472807265199, 0.7605944879357559, 0.8706913788618751, -0.6122230576970228, -0.5922753917964159, -0.7213486667984782, 0.3658139039905222, -0.9995811343728263, -0.581658055737528, -0.2277369839037904, 0.9290219663266003, -0.6573534049814411, 0.8496817245323919, 0.672732842824652, 0.4190853030423677, -0.8451744874541274, 0.7664703972618935, -0.9571709843539784, 0.5177702622771702, -0.9062553670512024, -0.3294395655944292, 0.1179591208569496, -0.5394543274837087, -0.25666142906329775, -0.2117520624246727, 0.4897947820884007, -0.9672679329513759, -0.48126609677368487, -0.34063142622849313, -0.04765480741879863, 0.4032097706165244, 0.6827774986192506, -0.7254895792672355, 0.897951557258162, 0.9375407746035415, 0.9510114998810193, 0.019926795019613277, 0.904327681905423, -0.8323351850384031, -0.9360292911117677, 0.26449292936316227, -0.8106593517564067, 0.10814838218803509, 0.997964616855025, 0.2026943998681688, -0.7428304686599664, 0.14395997218311365, 0.14887790335687473, 0.20675254979431187, 0.868901584059305, -0.9141800314606328, -0.851115756916684, -0.21208685329897475, 0.6432620114813974]}