{"X": [-0.3324222274531618, 0.9471919195832276, 0.1761290320110145, -0.09170204673131298, -0.899708540629514, 0.2626850625917788], "Y": [-0.9425575592564641, 0.3206015949188961, -0.17017608331523834, 0.9669264770742222, 0.1957290267366325, -0.22481734799542297], "Z": [0.032874156773605875, -0.006487280763195057, 0.969545597045517, 0.23799983730692323, -0.3901470107677884, -0.9383249532712311]}