{"X": [-0.8939006095484691, -0.3110164804468353, -0.7234938508734929, -0.016036061923001794, -0.29246366911459243, 0.9842328521516135, -0.0036161512924180717, 0.7241098169077476, -0.5226096725050863, -0.15835578803883701, -0.94308042664058, 0.5955118251124359, 0.30737020948182775, -0.19808628013571905, -0.44066573242896, -0.6876683511374141, 0.7164557910405902, 0.48238768206028604, -0.5759294110700435, 0.3388473743114726, -0.5952807368400742, 0.4338798776509141, 0.8310692793822, -0.10231514545522198, 0.31247562820848823, -0.8968247745252036], "Y": [0.44268132828197954, 0.7792153477211977, 0.21686575958373686, -0.9749296797099133, -0.1020016898977963, -0.15403169034581812, -0.7141771897213082, 0.35830843478920565, 0.8434820357293522, -0.9150958277128124, -0.06331873390489559, -0.7918903455553634, -0.16620504277321424, 0.22138154128971327, -0.4136654278757698, -0.7245726219404593, -0.4435575693936148, 0.7626658213588452, -0.5577931804677525, -0.4896914681966381, 0.40569317499220936, 0.1281057769263125, -0.24051142807440515, 0.8025335403696924, 0.9126542715461755, -0.27063306782940283], "Z": [0.0705332676074042, 0.5441435387525945, 0.6553822472942128, 0.22193459473170823, -0.950821043891028, 0.08694786434818443, 0.6999556165440812, 0.5893047077842989, -0.12416595993264161, -0.37084103130209517, -0.32648131160007116, -0.13518634090566592, 0.936962879776916, 0.9548570776813587, 0.7966772408216545, 0.0458993940948954, 0.5384679954445118, -0.4308630514763855, -0.5976387548412353, -0.8033584025188519, -0.6935804871187473, -0.8918167758501371, -0.5014759274708617, -0.5877682601095128, 0.2634789600788461, 0.34994723372969194]}