{"X": [-0.9513986301129894, -0.34319651973126214, -0.32809405168364836, 0.6338759155558481, 0.9394682057890807, -0.776410862361776, 0.15357548845038005, -0.002937824038707621, 0.15296842018822132, 0.7796465686244187, -0.7611123315264602, -0.10024071591470327, 0.479718817207607, -0.5339439972143297, -0.22641388128025491, 0.26942320101509304, 0.8317347385314243], "Y": [-0.17708196746527713, -0.9099535619150009, -0.09326284727258537, 0.752560953323594, 0.08289704068078868, -0.4418685174234807, 0.5929597473235879, -0.8476300888971137, 0.17959182714084204, 0.3605789439271785, 0.5176555015326675, 0.9802907018910391, -0.0872944067097671, -0.2465649654726355, 0.7727128454300006, -0.6424772136985791, -0.5461524578541621], "Z": [-0.25195758257642026, -0.23281036059967822, 0.9400299647183689, 0.17847502685507263, 0.3324568708235896, 0.44937555131161544, 0.7904513314563864, 0.5305794960099653, -0.9717754051473693, -0.5119902862638414, 0.39082067567020856, 0.17024082547638753, 0.8730690367743689, -0.8087703788098708, -0.5930022030912555, -0.7173800726483076, -0.09967355466682591]}