{"X": [-0.05704953840251091, 0.020376814717107877, -0.2538347082328427, -0.8099537793346179, 0.4864393752794443, 0.5656254766410357, 0.8145912070174103, -0.11937199553720572, -0.24433928059866009, 0.9197470209682366, 0.5095534717573533, 0.9868117396534061, 0.4261507517423594, 0.3965044673913621, 0.5520153671222848, -0.47478486055414787, -0.2547901980178542, -0.24033322652474737, -0.650936388219819, 0.8691721079635564, -0.4905644191746473, -0.7612235326204979, 0.05659465402848551, 0.5112514603981383, -0.5360443208051836, 0.30464743743360084, 0.26349565639091926, -0.49872218135666124, 0.7160317814693424, -0.43287935993101156, 0.6606276633459073, -0.05859053532417437, -0.6783404281681246, -0.3158965682784482, 0.7254031906422578, -0.0002704995689204646, -0.6185295568061289, -0.4362516649118768, -0.34673432162108897, -0.36144979310219905, -0.8644794071106627, 0.28994716116674085, 0.042796998362709886, -0.21670526176579671, -0.22681872132164715, 0.6492524806662017], "Y": [0.4732480229901496, -0.9116374837687073, -0.08108757011694476, -0.5197962381781606, 0.7339812751173577, -0.02080804149867639, 0.050888390031859077, 0.15776513978203704, 0.9207554521597733, 0.20047404692062354, 0.5153638499494699, -0.14348696912107672, 0.9007566300066967, -0.9134054147810233, -0.816728513325692, 0.11398460330293356, -0.3348432329821709, 0.7403217297462222, 0.3724286076381166, -0.46955054711851296, 0.7749351991959147, -0.08597223145370163, -0.9964276409391183, -0.7836142194006648, -0.8343392206506537, 0.38931771628137624, -0.7893757640426202, -0.557861412716943, 0.5994109619540724, -0.13743907172738037, 0.7451808989850044, -0.7005563051288567, -0.06687443231260792, -0.5627684134537608, 0.3778016815239523, -0.14213367095260399, -0.6962747653753845, 0.1575310315507152, -0.8470898273373824, 0.4852423417007118, 0.042860820057187894, 0.06321448689832435, 0.7710981182351372, 0.4950586003320084, -0.3467963392361402, 0.2837254850105741], "Z": [0.8790800071119667, -0.41048980938610935, 0.9638426981976246, 0.27163715894074975, 0.4739706973588576, -0.8243996880055151, -0.5777988726277372, -0.9802349143705399, 0.3041508067958737, 0.3374545509121514, 0.689024935387166, 0.0749271657989648, 0.0838631640733923, -0.09205843572100854, 0.16802847967429307, 0.8726894329590861, 0.9071725107828557, 0.6278245588488602, -0.6614973550242442, -0.15511972936700552, -0.3985247642079836, 0.6427655161905009, -0.06268174780507897, -0.35294574568034903, 0.12858674510449788, 0.8692650082998821, -0.5544870983217266, 0.6633753311846244, 0.3577778453386032, -0.8909129931191001, 0.0909753714475912, -0.7111877477253322, -0.731698075585519, 0.7638724179917983, 0.5753747478328419, 0.9898474359271332, 0.364173912380702, -0.88592802132012, -0.40275815898810396, 0.7961745517706448, -0.5008376032064908, -0.9549526545214321, 0.6352764036113514, -0.8414011004035651, -0.9101019540416474, -0.7056706494564571]}