{"X": [-0.8985060512688409, -0.010221608354168046, -0.1717049579015865, 0.16368735187204927, 0.3288734224784306, -0.9819439837870049, -0.44606305473536345, -0.8973097205715751, 0.6197681543789799, 0.8655164036439436, -0.42532112041122744, -0.7655434228501697, 0.06127444804043622, 0.7233868909593436, -0.7910473625076562, -0.7712728395045007, -0.5296578760211945, 0.6839343265184018, -0.6703924790993422, 0.28176079167436624, 0.2551812146178092, 0.8725148630454499, 0.6485381501534411, -0.017123452713399934, 0.5259984430944937, 0.5778849189950397, 0.5574870958891284, 0.900817861983351, -0.17681495321370835, -0.5676933046060407, -0.3042163091527969, 0.30661593150322675, 0.22459793452656376, 0.6647476765167974, -0.6542975774837418, 0.9977931206504261, 0.6832239382058255, -0.4116033453735538, 0.9332402268738046, 0.9085275326000509, 0.4348109877889776, -0.9483498591392893, 0.002780730921782262, -0.2252229286975948, 0.137584399690801, 0.008814138214239632, 0.29060583164323495, 0.5137518819830773, -0.9014272197550712, -0.43923179213754965, 0.34185718479593263, 0.7949000270920104, -0.5790615335085306, 0.4174734730388441, -0.5771861408583421, -0.15808043477240874, -0.16326150789468732, -0.4763928485687111, -0.11737309803163767, 0.07851508019456309], "Y": [0.4047261207294977, 0.14211348638104684, 0.844579545960305, 0.7110006999214384, -0.2531487196185566, 0.014801165598040312, -0.6093077046411541, 0.3355512747830842, -0.005342043157760615, -0.15894756737137514, 0.9000014296419945, -0.5598148019786524, -0.6878447619186299, 0.6900982614926496, 0.1756754404766781, 0.10821076001946536, -0.8472660487973991, -0.1346942084018758, 0.7271139492642912, -0.13811727605409002, -0.8024216149234785, 0.3991326060697754, 0.2759620191741351, 0.9970025229356013, 0.703648595460429, -0.5403525704637713, 0.6430953900190707, 0.34114195244066775, 0.39827570304446597, 0.5742839547356837, 0.8896794190084208, 0.9309514696104091, 0.3338028498227773, 0.3558964191473326, 0.6701672292762063, 0.06554274901505701, -0.709970253283906, 0.2447711078844028, -0.3401219580666679, -0.0912488417192919, -0.8858345658012151, -0.13587151817372312, -0.05101191307571772, -0.9011285606635475, -0.981779375709751, -0.5615611545776604, 0.43865482938772254, -0.45365717883554585, -0.4093002261378456, 0.07688850729487716, 0.899511700091255, -0.5504010711959009, -0.5396845798495573, -0.7728900883599206, -0.1907148797226271, 0.5808542654540535, -0.9206119596115688, 0.5212275689418048, -0.3311240224415488, 0.8193237971535184], "Z": [0.16995188446300688, -0.9897975933044483, 0.507151651853269, 0.6838745905122814, 0.9098120672659872, 0.18859198869900445, -0.6555698835860935, -0.2867762322076374, -0.7847667789812293, -0.47499160608370383, 0.09539062414359407, -0.3170972330633751, -0.723266911671233, -0.02181273648575963, 0.5859882335704412, -0.6272389006261287, 0.04003469650141183, 0.7170016089471573, -0.14791628967873613, -0.9494916926073828, 0.5394461044532405, 0.2817995325346182, 0.7093963855059363, 0.07545035869508977, -0.47770732877854627, 0.6116110855693278, 0.525010911556441, -0.26860630636065397, 0.9000627404156171, -0.589849346222081, -0.34047462260539846, -0.19828270670592538, 0.915495180356835, -0.6568472161801596, 0.35038630809887483, -0.010631859396798572, -0.17072577343362338, -0.8778780045213236, -0.11567079400360976, 0.40773934246348, 0.16197693332615667, -0.2866556736219567, 0.9986941735385744, -0.3704618057847816, -0.13107169943467387, 0.8273882889169663, -0.8503706199474272, -0.728185531200545, 0.1410754846461678, 0.8950774213561652, 0.27205213949230317, 0.25532843115392817, 0.6110877962153685, -0.47786693819920173, -0.794030222002562, -0.7985104247572464, 0.35471016317565546, 0.7080760377301333, -0.9362587450168806, -0.5679294829465904]}