{"X": [0.16748341662929453, -0.432687602710625, 0.8967194347365328, -0.912878432301869, 0.5170624631251756, -0.46412876224046623, -0.37132736164629254, 0.44612602604966517, 0.5611722829461308, -0.2767267210452548, 0.902012430123209, -0.672872617060339, 0.8632324026570672, -0.041853734265501444, 0.03419045884771335, -0.6614884934951485, 0.4749548066254992, -0.8064123443568593, 0.3247740937943326, 0.31021509349078114, -0.9621620431019259, 0.005632533879894059, -0.7643074142515637, 0.7405284836605052, 0.592507168809167, -0.653184397681709, 0.24461638454153053, 0.12026929028203241, 0.0014678236914324521, -0.9487534235663292, -0.38243619472573104, -0.5581535842439088, 0.42853544136949356, 0.796240192897775, -0.620861465522864, 0.0021101430948691426, 0.9768411330410863], "Y": [-0.9662406405058283, -0.2639050509897866, 0.4402616212074553, -0.11613420812018217, -0.842749134451513, -0.863051145509545, 0.8161762244215264, 0.7120316998240958, 0.8267782060861012, -0.3012902070926447, 0.06250459927152816, 0.7395355067158406, -0.4432902152510856, 0.6175501756921616, -0.7243564455332705, 0.21057376072915224, -0.609334455001018, -0.5844592210159083, 0.3443853827233659, 0.8498106293807477, -0.1823868118076698, -0.02300712213668939, 0.027699083417636012, -0.5531833432463652, 0.33539898093599935, 0.5953154793091545, -0.3403441948525582, 0.16173701908998445, 0.9988819087751301, 0.3042775029862034, 0.32879318261841295, -0.6314854572672383, -0.39391136013958383, 0.26654594033537776, -0.5231137703004939, 0.6610773351487146, -0.11520244842767628], "Z": [0.1957762237583129, 0.8620531088759036, -0.04543082937363148, 0.3913640422194918, -0.14973411638017622, -0.19931686405268106, 0.4426876564597501, 0.5422014637814456, 0.03903161275269104, -0.912494675584254, -0.42716127045078506, 0.018156968825087823, -0.24150280343207828, 0.7854171155702001, 0.6885773394021828, 0.7197858461138984, -0.6349247621663113, 0.09003638063778427, 0.8808634946270341, -0.4261320100180263, -0.20243333147622072, 0.9997194340879242, -0.6442568876604358, 0.3815832198122016, -0.732422540953539, -0.46792053034686865, -0.9079254668991249, -0.9794776334715062, 0.04725227841452531, 0.08533547004411712, -0.8635030978678407, 0.5382292203658817, 0.8131366526256435, 0.5430974285566478, -0.5838518852849613, -0.7503148034317284, 0.18030473281440879]}