{"X": [0.5763572024525203, 0.1404756988008964, -0.027499667961313836, 0.20992654165261812, -0.585828270042611, -0.6729753366989172, 0.83700359706239, -0.48504535371447166, -0.37049509998789365, -0.9237456480319255, -0.1262424599484105, -0.9993290239655956, 0.8445128924043409, -0.29125962864912874, 0.7394399479167293, -0.020737543469987, 0.49145048691016396, 0.8654228691645294, 0.5827460572971398, -0.4267078756581152, -0.3790132446336358, -0.3198971433314242, -0.8720042047326133, -0.6837333410244308, -0.4522023282197257, -0.4433511657579052, 0.6653564616975575, 0.9788786705981231, -0.08886525607038483, 0.6875556304573921, -0.6385711841772754, 0.7132282395036228, 0.4254704696407684, 0.28737939241036664, 0.7806905435254136, -0.00593115093736069, 0.8804829913506795, -0.9249767621276466, -0.7280440234260289, 0.05783076536818134, -0.07741197750781029, -0.9000837399794762, -0.33835759004688953, -0.8362438557502951, 0.3389939344601813, 0.9682024472032013, -0.552244365009012, 0.4859694557600625, -0.7999815925888929, 0.36573711062123604, 0.5609814427924747, -0.6911908922674468, 0.36429187518061784, -0.002246741930056382], "Y": [-0.5761910977358136, 0.9678787930549366, -0.9797856558159284, -0.5588565217471783, -0.5753702534507422, -0.0910831475063887, 0.2748584530728037, -0.8487796969471487, -0.11605205123611016, 0.05129276411613641, -0.9282749348653967, -0.018477829703313093, 0.5291189130603668, -0.6028661081792703, -0.6614099508305884, -0.14572959216579148, 0.22302330795992922, 0.06795487726232942, 0.7328600527933806, 0.7813531923819366, -0.297017659539577, 0.9473880157765683, -0.3930823001810796, 0.635009952584921, 0.43623331469357735, 0.23160619885783312, -0.00013901457125639253, 0.18442138011419285, 0.6964348109455271, -0.258524180425699, -0.40262832254820363, 0.49537606423363256, -0.6805356548268077, -0.9396942124261007, -0.5367357046427588, 0.3236472959763849, -0.21644757293693212, 0.37983460712622835, 0.6712722335860887, 0.5403901730664661, -0.6806698303912813, -0.19550903271837636, 0.7756176656438097, -0.5277318456501315, 0.7834300865753414, -0.24919119371898374, -0.779895460681674, 0.480496170862722, 0.3319875508555392, -0.15832751526797903, 0.8171176400141478, 0.062050629116039605, -0.19379818766856446, 0.0024162622362288457], "Z": [0.5794965004821881, 0.20851191812680397, -0.19815104571858427, 0.8022532238703795, -0.5707489022879593, -0.7340354599304508, 0.47315727752941267, -0.21048522724958516, 0.9215559138157879, 0.3795563595718091, 0.3498120732719464, -0.03162390977449452, 0.0826507737693363, 0.7427787586677153, 0.1255605048061828, -0.9891070924111416, -0.8418652047818423, -0.49641252218623133, 0.3511739963669321, -0.45542022090141643, -0.8764299574489199, -0.011034729327487613, 0.2917104252730682, 0.3595428743413861, 0.7779547220141503, -0.8659089516061906, 0.7465257929584589, -0.08823436294793427, -0.7120965667427507, -0.6785517689620731, 0.6558332689185964, -0.4958911507165246, -0.596528374826472, 0.18543967199803468, -0.3200578988427491, -0.946159209253777, 0.42178211212884636, 0.011985856378199886, -0.1390880597678447, 0.8394248408464722, -0.7284888247141714, -0.38939116470470103, 0.5328521164440546, -0.1489809142359701, -0.5208842595507753, -0.022085520203073073, 0.29460012173098765, 0.7300391207699287, -0.4998136828818108, 0.9171525302933519, -0.13273501128256612, 0.7200033818481927, -0.9108971907596208, 0.9999945568989391]}