{"X": [0.5731585574928653, 0.9341332185406858, -0.9503896639171131, -0.6049369427551442, -0.3450218520018482, 0.03166710344552331, 0.4795313068075812, 0.012895768927135457, -0.1373762221781551, 0.32138436111193724, 0.7798512836692059], "Y": [0.5361904646809237, 0.05007192266075375, -0.1208227458549181, -0.5511908194736872, 0.9087707641010125, 0.021602731116390623, 0.7982811193769341, -0.860408737000469, -0.07053221513139596, -0.7991688977614189, -0.47841522458295943], "Z": [0.6196685029577936, -0.3533948677893819, 0.28663801353553003, -0.5746650988340813, 0.2347245618943115, -0.9992649881626412, -0.36441319986757137, 0.5094413650627869, 0.9880045446295865, -0.5079775243881081, 0.4036717085042353]}