{"X": [0.46237994090957224, -0.022466929325949455, 0.9772808636597785, -0.13179584311954493, 0.48409383322012445, 0.39230755998463807, -0.9668806802117619, 0.7390927346975414, 0.5819289499280365, -0.7810242388692935, 0.0009647728347927847, -0.45739813082378983, -0.5571202962789347, -0.5006423275582383, -0.43151600348215624], "Y": [-0.7164655030575771, -0.22110483379301013, -0.19666689283242583, -0.1696008015540206, 0.8727610645926661, -0.8324798492702076, -0.10023038961099057, 0.17931314438786403, 0.32021180354096856, 0.19447155924154835, 0.6422280294630801, 0.8879911776791805, -0.6975251894882701, 0.5015200749134701, -0.805198172046542], "Z": [-0.5223810612693702, 0.974991225375915, -0.07902054661944972, -0.9766603421090886, -0.06277965251036748, 0.39124427016628904, -0.23472456035035985, 0.6492986414332365, -0.7475447131166757, 0.593449198284741, 0.7665130314517467, 0.047524922754754964, 0.4506390856366377, -0.7055741451582938, -0.40675526114814414]}