{"X": [0.4230495898102902, 0.39157763739769813, 0.46710236176058956, 0.10333359282982046, -0.5624750163716444, -0.0890148525785983, 0.5074718475264138, -0.4799595309937022, 0.7910542965085123, 0.06767938393375064, -0.3522848866169203, 0.07875105055118059, 0.8169550038377762, 0.9294888765224335, 0.008387620100552856, 0.7532857017912775, 0.0419119914880866, -0.5997389820579441], "Y": [0.6426734135305288, -0.7965238253815435, 0.7087124241787199, 0.18033218173869525, 0.8149576117582749, -0.7836382157545589, -0.7887724971374431, -0.6832687664009253, 0.6036364070849244, -0.4057445914684549, -0.315901674215278, 0.9733123509234383, -0.12961216168596174, -0.3592982392535107, -0.999029209882611, 0.10028100856905184, 0.21018870024668962, -0.7866477549463591], "Z": [0.6387487206267917, 0.4606698921023483, -0.5287173946943692, -0.9781628048654493, -0.13952041784257677, -0.6148068825488389, -0.34685771106851626, 0.5502568867985781, 0.09927833609114317, 0.9114772775469746, -0.8809662257369961, 0.2155489261791282, 0.561947692625845, -0.08339786382390893, 0.04324679907663375, -0.650003362142994, 0.9767620463849472, -0.14662354189540644]}