{"X": [0.764361031632202, 0.7310653167514113, -0.3923770843907559, -0.928123441848574, 0.596738406024994, -0.2364418708984727, 0.01325218269496869, -0.3825112738849593], "Y": [-0.6404970791554162, 0.35007148757490847, -0.2517901337887979, 0.370599103252199, 0.3194095255947629, -0.12418578100696159, 0.9999090354570643, -0.9191358771028749], "Z": [-0.07426779191235183, 0.5856564319037652, -0.8846705331204543, -0.035258777060791724, -0.7361255529691101, 0.9636768823011793, 0.002510072736489175, 0.09420384691314075]}