{"X": [-0.05717181495296881, 0.5908689822815617, 0.8701519145892105, -0.49968709587836185, 0.636878939659873, -0.6449549049277434, -0.14794934097701307, -0.8999914318623997, 0.46182572427713914, 0.780862050001459, 0.3288884209943309, -0.5176528713631561, -0.13347780162650774, -0.11734420229561734, -0.37527234117521985, 0.5764041254867871, -0.977569341730402, 0.8653252452542701, -0.7474626585737177, -0.46605223619127567, -0.5936934281070501, 0.5651065775497813, 0.3472151679833887, 0.9100569004780452, -0.003493914770654106, 0.9891870831536562, -0.7099255611199824, -0.6838465928249597, 0.4953250510351159, 0.12021406083993559, -0.09845796573752326], "Y": [-0.9802615653616735, 0.7884210317526287, -0.43690663882527403, 0.43868070369383855, 0.11426625583415542, -0.13828931471817357, 0.9228495279915164, 0.17832484782749675, -0.34577667195875633, 0.28741984103897167, 0.501913873399871, -0.6087090264113919, -0.13231684057713985, 0.9718028674839, -0.857280783321296, -0.7491943838277813, 0.16775871433395123, -0.31770704602667643, -0.0036205611413099434, -0.4914034602519451, 0.6882060350844384, -0.19271419824473524, 0.22915874718736387, 0.09719987115404792, 0.6059423990484488, 0.0822049822538908, 0.6617729782560797, -0.7232595678649597, -0.806852517054035, -0.660681715401543, -0.08572216521753764], "Z": [0.1892581492292077, 0.17107344173679345, -0.22792155336240763, 0.7469083253112979, -0.7624489746831319, 0.7516044412085544, 0.35561178438052793, 0.3977633356929313, -0.8167958701689317, 0.5546569154393113, -0.7999467921209472, 0.6012560402480587, 0.9821791741696819, -0.20452267585203054, -0.3524774155841685, 0.32629137187906676, -0.12733890165149203, 0.38765248977743, -0.6642939602125943, -0.7357431293552977, -0.41701386870924984, 0.8021943616137314, 0.9093557586059402, -0.40292508353281986, 0.7955008495249932, 0.12145474636505205, 0.24096104025040305, 0.09617398283052195, -0.32193494613140045, 0.7409779014993949, -0.9914422521625986]}