{"X": [0.4181856210133549, 0.5439985169777055, 0.9627532358930476, 0.05318294219174508, 0.1461362579297573, 0.4917416453694186, -0.9797181458671151, 0.6378163393397367, -0.7847810480229761, -0.6346047425945925, -0.9392871306834316, 0.8898781978496737, -0.14967176280090627, 0.11282554948771197, 0.7259602841691032, -0.5672599048001395, -0.38809549901533663, -0.42840552958074646, -0.35798031140016057, 0.0366048291886718, -0.6237601581924376, 0.11541053922944541, -0.713536365110998, 0.500344306918357, -0.07530695326381764, -0.20321985488211003, -0.6607113886968891, 0.409413951782953, 0.5876709502099281, 0.004822249024922896, -0.6541977272174181, 0.2163701722074864, -0.25264234412702385, 0.8465195277138551, 0.9481768743763028, 0.39833857487712027], "Y": [-0.7664651022879058, -0.04949182701774886, -0.23958559388945913, 0.9236733962512007, -0.08802131138702685, 0.4218292641710941, 0.07966529024697415, -0.7607768251393575, -0.5378348518237394, 0.7308975450814142, 0.10161874279536387, 0.004309594094229562, 0.19266550677200406, 0.01656899679490326, -0.4022462554658119, 0.005318851800439169, -0.6309591402946689, 0.10728127005807828, -0.9240213316479846, -0.6303457116999728, 0.40456402230110927, 0.5668124151603016, -0.4748381718930445, 0.6961820960555315, 0.547341914725791, 0.9633229418277796, 0.7141213669108348, -0.7273045630117817, -0.026081983536706776, -0.9122580321002112, 0.47447327936835515, 0.9722744647064547, -0.4296250552201095, -0.48726704200605975, 0.06145475509979168, 0.760941265340045], "Z": [0.4874956752141138, -0.8376253175403082, 0.12531939186774277, -0.3794720433939787, -0.9853407749910665, 0.761741574353304, 0.18386352598753022, 0.12003724256303643, -0.30798113388273585, 0.2511286508354093, -0.3277397095946351, 0.45617783855702587, -0.9697826384919231, 0.9934766548480172, -0.5578347566913052, -0.8235216513375113, -0.6717681496786293, 0.8971953139196425, -0.13429324372182413, -0.7754510753242418, -0.6687684329506686, -0.8157230494812039, 0.5151646010523783, -0.5147679707073038, 0.8335140617736608, 0.17524440170791925, -0.2312815041624149, -0.5508250981098329, 0.8086795313436288, 0.40958763260502834, 0.5889825471684228, 0.08869224238161835, 0.8669453027043403, -0.21441902661325743, -0.3117433687724722, 0.5121472156202316]}