{"X": [-0.8785832621480186, 0.27592928956386853, -0.5004477798120721, 0.9834631123830186, 0.773444875945649, 0.11867619776662112, -0.6472214845323327, -0.7240974439249888, -0.9535790671015175, 0.009495795629420357, -0.4061390899811165, 0.3071787290387773, 0.06609657174354114, -0.39703708282204986, 0.12959468664945797, 0.547683581676071, 0.7294763947750001, -0.5346379606133171, 0.6478117158134794, 0.5061780393504367, -0.024800901671041254, -0.2261411650083291, -0.1939449224798859, 0.35466339262497265, 0.5270048761682642, 0.8439028762794958, -0.4399166674444865], "Y": [-0.3661053191177836, -0.4332140696551657, -0.6224000074515573, 0.1496185398588308, -0.6281151908703446, -0.8979152201397372, 0.528287492485551, 0.6621374358755456, -0.05296441328351795, 0.8242098127752107, -0.14320191925877876, -0.949786177700727, -0.8660319398522991, 0.5184219412275826, 0.035786140497796354, 0.14555711484490622, -0.49468269685529026, -0.8350560526851297, 0.598102354989063, 0.8567437021507541, 0.09861258530018403, -0.4114664811508974, 0.9707040339894358, -0.5011623916460044, 0.47013798688065156, -0.22869081375737135, -0.8123206792872874], "Z": [-0.30668933269191473, 0.8580143338042716, 0.6018058245027786, 0.10205194320745413, -0.08517235978491051, -0.42386816054649007, 0.5495604382077481, -0.19302048521712822, 0.296448534675637, 0.566204922612314, 0.9025210523361284, 0.05956043212372163, 0.4956005673517886, -0.7573640113696858, 0.9909210711961376, -0.8239270724284384, 0.472390959797121, 0.12978304952944777, -0.47181940804860156, 0.09886365006597574, -0.9948168038873877, -0.882924406944317, -0.14184162097532305, -0.7893352488844023, 0.7079803201973066, -0.48531273124675534, -0.3828948154608225]}