{"X": [0.18426347761283068, -0.09450908985959322, -0.7956834068891621, 0.7212846652113215, 0.819340672574833, -0.9744782723099319, 0.2326449161112851, -0.40180504949220097, 0.8481122566360064, -0.4077753365977087, 0.8956131335371025, -0.24253293993284686, 0.423859813873415, 0.30785909866028677, -4.388206012233159e-05, 0.6556768772151359, 0.08290248465350329, 0.5354723151504631, -0.32517339676940016, 0.014014825561855371, -0.34676304232081223, -0.9720415545531891, 0.9782060853531331, -0.5260488241501118, 0.2665547312492852, -0.4644422610402751, -0.7948116604620705, -0.8116842955979223, 0.4937050428246633, 0.8677914109499925, -0.782238672219182, 0.43226235023905357, -0.5120176391156528, 0.48549885481859395, -0.1379922329549325, 0.127293196525406, 0.6598106226837488, -0.4052795861299881, -0.7651124269030187, -0.5479156365807303, -0.10678453724823105, -0.7600076000478139, 0.5543771958543048], "Y": [-0.5543755464407457, 0.9707339653725692, -0.3298810689428466, -0.6925867592168701, 0.35171532888281365, -0.14856570860629462, 0.6396196544046249, -0.8462864112118034, 0.5293095641924274, 0.7550656051952355, 0.06609309969877628, 0.7103740329780021, -0.3118306978504413, 0.6731832593983295, 0.9614870923359673, 0.4249855454519118, -0.9397891211234684, -0.7089855203654278, -0.640571542981868, -0.051977708855643914, 0.2957077452869244, 0.06113685220180365, -0.19669265063206645, 0.8037229164027216, 0.16472821155213285, 0.15692081299576843, 0.3542439836266659, -0.5598293177187874, 0.8203220982492494, -0.23132671761166718, -0.17997128011937638, 0.8757212594836988, -0.8298012360239191, 0.22181735165917443, 0.49605278472511505, -0.9471443183375969, -0.5613098977200859, -0.43788980140188277, 0.6377128688873377, -0.11342626936429356, -0.21917296702711478, 0.3752798292134919, -0.2568421074042365], "Z": [0.8116124224816612, 0.22077952895583203, -0.5080023586110413, -0.008486029016281553, 0.45274406643651816, -0.16828644337010545, -0.7326411404684298, 0.3497885252560701, -0.023172945393359828, 0.5134152381004854, -0.4398963709875996, -0.6607166611476499, -0.8503554986364825, 0.6723444612978657, -0.27485008522045623, -0.6240794170955719, 0.3315472603660822, 0.4589214874241196, -0.6956510334609438, 0.99854989982804, -0.89011927395026, 0.2267101707570135, -0.06651958933600424, -0.27803256690429035, -0.9496384530796218, 0.8715900668367809, -0.49273281244284595, 0.16661254245170587, -0.2886641401585002, 0.4398022473799256, 0.5964167989057351, 0.21508495124971871, -0.22196361397222125, 0.8456287154967859, 0.8572571250275908, -0.29447254941531176, -0.4995809653250918, 0.8024967158154139, 0.0890239914520471, -0.8288081422189527, -0.969824867246253, 0.53061614907111, 0.7916426318616681]}