{"X": [0.7003164905343715, 0.2212063832126038, -0.20774860113028468, -0.8835469313455617, 0.7685954381375785, -0.7041864897420052, -0.7596901047894176, -0.3104615402077366, 0.8795079615428336, -0.032067852275502795, 0.3190478211358291, 0.01747285700741008], "Y": [0.5375986894536882, 0.888374696759281, -0.8924881198636891, -0.07349070239221506, -0.5024658601802566, -0.5451708847199122, 0.5103527621840721, 0.8087124351012658, 0.08594154831143191, 0.05391270153542892, -0.8011178874209653, -0.06268578542457443], "Z": [-0.469621615966832, 0.40231596312333184, -0.40038166120663793, -0.4625407406615553, -0.3959660488317383, 0.45487371227467216, 0.4030024848758775, -0.49959766749297485, 0.46805960716195466, 0.9980305974586091, 0.5063779401619402, -0.9978803493273644]}