{"X": [0.24814629979615177, 0.8303713358467635, 0.08361349148583545, -0.7413964479781341, -0.2583806628715642, -0.20149448862383212, -0.03601285498506761, -0.4735314587340431, -0.3571356016459151, -0.9001936656504429, 0.562419698708706, -0.8998130627088489, -0.17060268672836695, -0.16913487408764202, -0.3638413868520131, -0.6302714277144472, -0.4970478570179819, -0.4879219511752407, -0.7462131701963947, 0.5756390438012657, 0.24805538887105474, 0.543672587228932, 0.5244940079101614, -0.8140343484343908, 0.7722471703112015, 0.11309122257287611, 0.6286130490938269, -0.8434245824260083, 0.5257943322457255, -0.04155322147025408, 0.122828077618426, -0.993987273679496, 0.9733181219122062, -0.017765349027157394, 0.12484850941765743, 0.2134760496073436, 0.9740299984800688, 0.7343221714906004, -0.269885600753342, 0.7712327036365731, -0.3044404217094699, -0.33135407562874003, 0.19097710627818792, 0.5925993014859813, -0.597213985504317, 0.08460028586046908, 0.8541164786566512, 0.302414406855387, 0.8951421000445314, 0.41939778494240976, 0.26852749390049174, -0.4209352135555039, 0.5715980109792298, -0.7096590164548131, 0.8445229837681243, -0.7155031985037373, -0.9310324571654905, 0.38520742011168124, -0.6062399741954825], "Y": [0.3808828901264307, -0.44173035518674375, -0.7472937174421452, -0.5789946722204397, -0.230396689164638, 0.3650882080903592, -0.07749864890909167, -0.8806528553598554, 0.22152449141133881, 0.3860913142966187, -0.6759982361783153, 0.27203615926783226, 0.7247365893640045, 0.6148587766157465, -0.8130941955722569, 0.6817477206187947, 0.014338694434224631, -0.486122829619795, 0.6530430286995753, 0.7474993602974664, 0.7210183776677206, 0.43042889747799845, -0.6791310195071459, -0.565535177618544, 0.6351134100216574, 0.008061593409938067, 0.44264688944067493, 0.05935060883087664, -0.3255204097729521, 0.9065261742601372, -0.8608798415997623, -0.02769888331235836, -0.2294397001245686, 0.9997838392397097, -0.5228875314660433, 0.8444876987056339, 0.22619339557146637, -0.6775352767880927, -0.46794875038463873, -0.117075405653352, 0.9114874759262604, -0.8337382046930947, 0.47086585736511216, 0.7210274892754042, 0.5462538316375969, -0.9600235310216594, -0.2932777893873532, -0.947029936265954, 0.20032734723967183, 0.02292157531608299, -0.4112668107680945, 0.875349919721764, 0.08132959000836114, -0.40372356332210796, 0.3301793827494402, 0.002933575283253538, -0.19450896236832155, 0.922826147983883, 0.42050648505822463], "Z": [-0.8907028898046844, 0.33964354536875085, 0.6592123208140509, -0.33925871612347946, -0.9381667222173382, 0.9089062500431995, 0.9963418257270392, 0.014781946277232123, -0.907403472410128, 0.2014568473582572, -0.4761412260960134, -0.3410759156395069, 0.6675714188894645, -0.7702870109160254, 0.45441971165466416, 0.37145386367336414, 0.8676046505613912, -0.7249943200355364, -0.12923121640041962, -0.33148815605756254, -0.646993835455515, 0.7205213960124113, 0.5135047166380462, 0.13235574201733336, -0.0162869382329603, -0.9935519040737958, -0.639460214381987, 0.533959248436543, -0.7858605366090863, -0.42009954197395105, -0.49376022690748406, 0.10593427975141595, 0.003042624532162857, 0.010801257753135366, -0.8432090364396818, 0.491190902785165, 0.010104942393077935, -0.04143545782312477, 0.8415377172292772, 0.6256943872471007, 0.2765982842660718, -0.4416843698834708, 0.8612857187051388, 0.359089720804612, -0.587317807442694, 0.26682880563580824, -0.4295034099273596, -0.10807324526638246, -0.39823306577402867, 0.9075131400538669, 0.8710640592862052, -0.23785723455905985, -0.8164932404090436, 0.577400523711996, 0.4216189097924609, -0.6986032973490598, -0.3087795771465266, 0.0026728427060419514, 0.6750165847676914]}