{"X": [-0.5642481346850692, -0.7710085912893324, 0.051110322766871545, -0.7973459249385678, -0.2338920787248396, -0.78718748706785, 0.2838743798598565, -0.3711508790103463, -0.41050167184188385, -0.06049720562767272, 0.9484249476402793, -0.9933242259836352, 0.7313434467428676, 0.731618252016968, 0.612618184271621, 0.42750442088199786, -0.30310016776557125, 0.09981880817869129, -0.40929857420078486, 0.04439631791709779, 0.8200708968421979, 0.9501689516764694, 0.2195593325542281, 0.5663838431618622, -0.8819863075173887, 0.09202977386729871, 0.5550344247788038, 0.9054591639177119, -0.3569425500957328, -0.010791965835396928, 0.5190379999957199, 0.18401791983841886, -0.8804038229094059, 0.48332159576703454, 0.03913944458800359, -0.5718339160681181, 0.6825502746873814, -0.5711534409832091], "Y": [0.8255542480148722, -0.4952117452367775, 0.5912351238243299, -0.05549651478441384, 0.11201966443403376, -0.5364689401157448, 0.09498488614687871, -0.910197158055645, -0.3452645555858474, 0.7457635839995517, -0.07605022632928904, -0.11175620281641356, -0.008768148157116837, -0.633893036797893, 0.5496457755187583, 0.5890813428240553, -0.8696334496282082, -0.372639404651977, -0.4224073996067722, -0.7995424150122624, 0.48670333817620287, 0.2646748830859634, -0.9299240750690452, -0.5256542915367924, 0.44242462310161856, 0.9198687627185286, 0.8313071047852171, -0.3418322483790904, 0.19913674788175545, 0.9886142134452646, -0.4131802258629528, 0.04534439565849171, 0.19251132202590068, -0.8490210359369321, -0.626187938608891, 0.6596081896157293, 0.08778100090168124, 0.5286816100909254], "Z": [0.00917747726877995, 0.400388660600652, -0.8048781045991347, -0.600965567092361, -0.965787808107899, -0.30419884367777117, -0.954145276078463, -0.18381555559112617, 0.8439672766589505, 0.6634581862418963, 0.3077441823476071, -0.028592537594076012, -0.6819529914034818, 0.25082733346822794, -0.567968733077909, 0.6857281835122102, 0.3897023884815504, -0.9225920439904117, -0.8087315165830062, -0.5989665212278253, 0.3010042935915931, -0.16470024144933942, 0.2950168030728462, -0.6347416072656272, -0.16235949687416812, -0.381276776235607, -0.029415724435792677, -0.25158381594517165, 0.9126535879369748, 0.15008487747740762, 0.7482524009425445, 0.9818764132826022, 0.4333918544439241, -0.2134561210220631, 0.7786891352896163, 0.48777352185831147, 0.7255478057336259, -0.6279167954472206]}