{"X": [-0.7950311326431089, 0.7816992422533324, -0.759030619649384, 0.19624796018209578, -0.09019402399073732, -0.6598759315357212, -0.9077761436406468, -0.13400032998801037, -0.35100435400038915, 0.8212323206150721, -0.3837498354006616, -0.7609811748039313, 0.5716647098933122, 0.6266578100738037, 0.141990618891551, 0.07775569192954072, -0.13383325839427246, 0.6458161493634704, 0.26875058912755273, 0.9770727954568018, -0.05068057663523267], "Y": [-0.2173510450104825, -0.5665876408165834, 0.45109574911192785, -0.9783684132991691, -0.36964537156907223, -0.024300892614030158, 0.33370541263462744, -0.8395510872353267, -0.7509987588914603, 0.5534758286283948, 0.9033123800861277, -0.643794688199262, 0.38197161655270156, -0.49691689573104314, 0.9405218346606211, 0.34678033679448084, 0.5209668881052687, -0.07709679182716575, 0.8435754731657757, 0.0035118850567809326, -0.1669264767789749], "Z": [-0.5662896973820614, 0.26062375166984325, -0.4694519608733365, -0.06543688549153913, 0.9247850222153907, 0.7509815054966571, 0.25413219122194786, 0.526495853245859, -0.55928240417186, 0.13871547390718592, 0.191736297588903, 0.08022500258923868, -0.7261522867902511, -0.6003112424488884, -0.3086378827581178, 0.9347178453336947, -0.8430196678876979, 0.7595904066740827, 0.4649231570020265, -0.2128765347368721, -0.9846659486861921]}