{"X": [-0.6950448953973591, 0.5268493602671629, 0.03845510977212755, 0.7777658381083312, -0.4614576656236202, -0.8373699909115273, -0.08129409239007407, -0.3188585939151691, -0.4205229012931326, 0.4360516261669372, 0.5261392533931121, 0.006082987804005543, 0.06887666983338593, 0.8394533618901865, 0.06511260805803268, -0.0029143371291055664, 0.27912738728967, -0.5282553742823751, 0.4840684511955484, 0.030415461768430845, -0.8826265394963395, -0.39861615667856015, 0.8771187073494049, 0.5118851466991537, -0.6631982297102973, -0.7820043266664981, 0.8491783723016452, 0.060058180613807736, 0.8258943644093629, 0.846588123141147, -0.99733395126509, 0.5468573644280927, 0.567960151391467, -0.3202772466936473, -0.7747007517892002, -0.09426311999402323, 0.11562410594078595, 0.15636867950598227, 0.037956707507798663], "Y": [0.10671364871959095, 0.5803460585128969, -0.9981395696969327, 0.13916665673850734, -0.39763552875631036, -0.5309294656655422, -0.3131238913366474, 0.5916882096425004, 0.902365729288074, -0.20385426463397965, -0.8344664968402323, 0.9746392036643127, 0.973058186673806, -0.5421978329834125, 0.7959070436958707, -0.01265840381460162, -0.6653919385758514, -0.4246719252381118, 0.8026036308795399, 0.8431523121993568, -0.06679376429246037, 0.6140865264503377, -0.29770565697367385, 0.8425346748333304, 0.3280858138103066, -0.37993793594914155, 0.49034577424785486, -0.8464689462177057, 0.5042944367034013, 0.12123250052362788, -0.005523536678757119, 0.33128260651980784, -0.5792509839442938, -0.8375395373366816, -0.5426604934122711, -0.4307984159977363, 0.43594275194798515, 0.48884460004228897, 0.08887830685873738], "Z": [0.7110026656483264, -0.6209896971404812, 0.04731388736550563, -0.6129542745783504, 0.793059146033818, 0.13009765873731338, 0.9462265580803941, -0.7404284298002703, -0.09432168411562991, -0.8765286179627617, -0.16383879787806382, 0.2236993963781995, -0.22003129254664533, -0.036600042614114946, 0.6019072404176415, -0.9999156321670166, 0.6923449066347733, -0.7352550682969436, 0.34857588306726284, -0.5368138207221304, -0.465305259833112, 0.6811775815945298, 0.37687413684621857, -0.16765714506778348, -0.6727018707314233, 0.4940813676931998, -0.19610485382162346, -0.5290400155285477, 0.25216189233675573, 0.518257880377268, 0.07276317885113129, 0.7688945685776447, -0.5847132323036219, 0.4426624093462127, -0.324589485453239, -0.8975116650956877, -0.8925160968573124, 0.8582422694548725, 0.9953190116365163]}