{"X": [0.17772469181495312, -0.7918556630969064, 0.192941493476251, -0.7210084699262472, 0.7545647447730279, -0.609459982114968, -0.41378187514030723, 0.037335244115040356, 0.23511894832659136, -0.5431716393719133, -0.3786387049697923, -0.555439528449855, 0.5778234561800895, 0.5963963941182746, 0.4318362074241736, -0.7108871334040938, -0.9550155146860346, 0.003696113633925359, 0.7365199873499044, 0.9997915030694953, 0.1189210837867104, -0.40094809580224083, 0.7703459828179434, 0.0030149220794484, -0.041028435696187124, -0.9431604086255017, 0.7271660210773508, 0.14982109252338907], "Y": [-0.9473046720508937, 0.21785546071783887, 0.5660387298307091, 0.6929224719610321, -0.18419830169540896, -0.6800762653014222, -0.2738911167500123, -0.09916069449921193, -0.6134579443337725, 0.5234200442554203, -0.9220866821647836, -0.12475752086822509, 0.8128378354147678, -0.7929200872131611, -0.5401768666025626, -0.5528621023118475, -0.23965269330373856, 0.9696926685180243, 0.4258366658162755, -0.020350265623714985, -0.05865312356314708, 0.6614184129778665, -0.021368930377234124, 0.9005955338269829, -0.8733043330854229, 0.10457797505108882, 0.5500572784021968, 0.49730670415281686], "Z": [-0.26651039797694304, 0.5705292341824185, 0.8014822121711693, -0.0022878256105757265, -0.629843656472098, 0.4074982252404206, 0.8681982584472295, -0.9943707740140517, -0.7539154002085245, -0.6565028769576581, -0.07993048025090309, -0.8221450548548092, -0.07358469138571594, 0.12485622281885968, 0.7223063358056216, -0.4347217263811811, 0.17467671081524397, 0.24429995367661922, -0.5255487059070494, -0.0016784156468564175, 0.9911698073121883, 0.6338503825402313, 0.6372679464485796, -0.43464766730737975, 0.48544434210169624, -0.3154550534316903, 0.4106903557028116, -0.8545406264419269]}