{"X": [-0.6191026367292983, 0.7366949978605694, 0.7180190043872848, 0.4341904833743224, -0.6811076826306895, -0.2106661126335262, -0.8496612265053565, 0.7863182459991228, -0.5677922535470046, -0.8623291582444645, 0.8978576018392705, 0.3005930746070337, 0.38451521750392326, -0.2653686038758571, -0.30605041580388687, 0.41558703755251675, -0.1498398813507465, 0.002315831070776064, -0.3022322527520478, -0.8554522426116224], "Y": [-0.5589483949161189, -0.5977740252078566, 0.45526656495649115, -0.25371478559765637, 0.6756896652984609, -0.22585239967620457, 0.0771223098444468, 0.6074217395265702, 0.7143214139110968, 0.013384333095757582, -0.28492127066187956, -0.778980139175994, 0.6772147739278878, 0.5625973596141656, -0.950755580682705, 0.006489960356273076, 0.48041325461524426, -0.7902010492221807, -0.09828894522934477, -0.5077845995550478], "Z": [-0.5516236189790326, 0.31614347204080073, -0.5264798801202277, 0.8643537653740553, 0.2820209227527381, -0.9511101316610913, -0.521658843975323, 0.11288244486800535, -0.40909274552363517, 0.5061711987746588, -0.3356658998823888, -0.550303322057608, 0.627318258527289, 0.7829838536216105, -0.0489588478924942, -0.9095302604272697, -0.8641476232373625, 0.6128433231541456, 0.9481534415072937, 0.101765716552607]}