{"X": [-0.4557805114386252, -0.029190661395392236, 0.43662947433421045, 0.4107363675136026, 0.8093564430474997, -0.5137471951286887, 0.35694930522936935, -0.42538406207570784, -0.44113342888095736, 0.6452346071162709, 0.9592065347091615, -0.861544335942338, -0.5366797680123699, -0.5716601711001904, -0.029733757567376107, 0.36002178650688166, -0.8189202961317635, 0.001192587185295193, 0.42571798990452503, 0.23476752181556856, -0.03010892242325099, 0.4148419744505466, 0.6071682297296347, 0.8266802648570625, -0.8257393791149639, 0.021297367690220555, 0.09189865413477201, -0.3922869607881732, -0.9787170709338809], "Y": [0.12382116032239873, 0.9899190716283697, -0.8838938915969033, 0.5945550498268327, 0.12055931635470447, 0.8509098094760558, -0.7007598530692288, 0.6341741973010679, 0.18584979820740097, 0.7507432578710438, 0.2817242097789773, -0.13831771252611713, 0.5006639342777033, 0.7539314464224316, -0.8742980347286802, -0.4757738638927027, -0.5523522697765328, 0.8372348339285911, 0.33021833776568876, -0.3554714705778584, 0.4100108099119642, 0.7347008254216922, 0.7326370842162507, -0.5575310467923547, 0.45226674328409955, -0.04228945571821212, -0.018067423315624442, -0.7799400055927991, 0.13154879219778584], "Z": [-0.8814377151274843, 0.13859342305364414, -0.16758964926364908, -0.6912307350857189, -0.5748109248592843, 0.10961895654870867, -0.617675336906585, 0.6456558581857028, 0.8779869876199747, 0.14162225298547906, -0.0235434363603285, 0.48847678307901005, -0.6791983889260635, -0.3237159601766356, 0.48447791500799325, 0.8025107748043021, 0.1558092380322074, -0.5468422172732916, 0.8424488367105246, -0.9047232970946373, -0.9115835609234327, 0.5367688826288798, -0.3075542938053246, -0.07588722921861268, 0.33705974351445217, -0.9988783830199375, 0.9956044423278512, -0.4876520563593296, -0.15750495336308806]}