{"X": [0.44156124328897517, 0.00147392302536153, 0.03333764868306626, 0.9678426345432092, -0.9449880664717346, 0.12883845627082804, -0.054541225685516316], "Y": [-0.6581294747439297, -0.8996429704096937, 0.43443152536099516, 0.0962149123388648, -0.1570254763591225, 0.976216273464689, 0.12729326449846193], "Z": [0.6098272402069079, -0.43662381215794704, 0.9000876907017468, -0.23242918363253082, 0.28695043822967625, -0.17436295365835475, -0.990364417532277]}