{"X": [-0.3207901642318204, 0.2905781514854043, -0.07037274869648708, 0.0011848307775565148, -0.3807118161240347, 0.6978639012985174, -0.7217467535350759, 0.787423187967087, 0.3112188798082521, -0.9159786777826482, 0.9265255145581387, -0.6179467520139285, 0.34668084126140514], "Y": [0.6354516322684769, -0.04558081175140542, 0.0873371754058221, -0.7989494451338063, 0.8416290152365595, 0.5532170068969798, -0.15544304236977882, -0.37847637391617117, -0.8873058971103164, 0.003342353361156015, -0.1884343951912899, -0.7835890308857598, 0.8986858265765774], "Z": [0.7023495522739729, 0.9557649959479623, -0.9936900392139562, -0.6013970238506436, -0.3830393110053827, -0.45490319689397657, 0.6744768968173822, -0.4865391633147493, 0.3403396153904999, -0.4012130238683198, 0.3256423645376459, 0.06426540555347074, 0.26865624767099405]}