{"X": [0.16812179359565257, 0.8535525745004844, 0.006155183247041492, -0.8328643293919971, -0.2874934939946434, -0.6456570901403385, -0.7120060726434868, -0.8219697383916864, 0.3519950175774374, 0.31960308990341346, 0.8765129503993367, 0.17841138813461593, -0.1333810825381521, 0.7391442193206083], "Y": [0.9481875565432571, 0.02073243641356022, -0.9913830105508197, 0.43561869230826383, -0.36678835145156297, -0.5232762779863119, 0.4288960046194627, -0.5192724765157452, -0.6780179678161764, 0.7403093003992974, 0.3410515988926817, 0.26991386001970746, 0.1076340933170996, -0.5418598803012232], "Z": [-0.2695837905637287, 0.5205940536002623, -0.13085044940843193, 0.34142841671140545, -0.8847676509401757, 0.5561554268802049, -0.5559636406639014, -0.23392700635349395, 0.6452837692977269, 0.5914355456569156, -0.3397187876391223, -0.9462113319724834, 0.9852027145601846, -0.40006711082626206]}