{"X": [0.42526884508140056, -0.24416847264770367, 0.7288433453514127, -0.48665347199312226, -0.8473022768131258, 0.18081118070872615, 0.8182195496744851, 0.6687121925563866, -0.4827965632581697, 0.06959927800784715, -0.7432077371166349, -0.46677304572228523, -0.1751908521091357, 0.4855552612023878, -0.7669498921602665, 0.6220871646419086, 0.9296997210284851, -0.9060558035532681, -0.6514584817141509, 0.6956571025166358, 0.18078328985342013, -0.8786691126861527, -0.013169092380480477, -0.45947315195044774, 0.2840576289760018, -0.46240378481562794, 0.9557367649363275, -0.04785446929638321, -0.0608940677084542, 0.011345359063217101, -0.5358453148845346, -0.9822854272749176, -0.8091875184741474, 0.13896453041383328, -0.242969088124773, -0.15988706469430491, 0.4648224474507846, 0.28624680513325984, 0.2459959902433669, 0.8136304054274309], "Y": [-0.7100758852135121, 0.39985550532822567, 0.6229668934448003, -0.833559627036271, -0.06936045498260707, -0.40361382622657344, -0.5236738807522785, 0.31208972942456215, -0.04999072365341405, -0.05608197095117956, 0.6504364464639072, -0.49439585701327365, -0.036124465053349604, -0.39466041151402087, 0.5106141461334961, 0.7528755649604388, 0.312415083088076, -0.3702743873749194, 0.47983032252499647, 0.2700619482435659, 0.983522378932798, 0.040277747246400195, 0.8962708181187712, -0.8397631436637499, 0.39016162480444216, 0.8525326166765251, 0.03159087502844879, -0.8508864175555594, -0.5127550381525798, -0.9943473012731431, 0.25122575892671284, 0.17029183794402505, -0.5038729036752041, -0.8115204658106705, 0.8919997845926412, 0.5749547980267194, -0.8840401363495631, 0.18591137233746635, 0.7841066118878638, -0.46554122978929735], "Z": [0.5611939474382979, -0.8834576004673891, 0.28407679878634273, 0.2614321066208056, -0.5265624169952684, 0.8968852748314368, 0.2372391939548171, 0.6748510978831802, -0.8743045270697779, -0.9959973659779515, -0.15676316085539882, 0.7332773420440946, 0.983871530415371, -0.7800507982832046, 0.38866573901453705, -0.2149091512088093, -0.19507753478713985, 0.20484081356402065, -0.5876773844451147, -0.6656784057103313, 0.0010640714937849092, 0.475729222865365, 0.4433116235726094, -0.28927890552319363, -0.8758339853822126, 0.24366139885271043, 0.2925222261025306, 0.523165608758668, -0.8563726895266246, -0.10556859039763601, 0.8060740763527824, -0.07820504646746539, -0.3022046605986907, -0.5675591536195106, -0.3811855276666442, 0.8024108092302181, 0.04912361620349645, 0.9399466624157998, -0.5697918865497474, -0.3482483693145784]}