{"X": [-0.48053193058648774, 0.4971939411792539, 0.7124926654256537, 0.5388558093126947, -0.069490311528447, -0.9845055259646542, 0.2762303678528418, -0.6046852813454942, 0.3343209283993713, -0.13366209349582797, -0.2737688149242515, -0.8244435880749791, 0.9537761908799519, -0.45854839431235284, 0.6349080390583169, 0.7613349838024641, 0.872648934274063, -0.6218094708369825, -0.23839040298609895, 0.9733773604109662, 0.48925809418692495, 0.8715364011846622, 0.04702880421461231, -0.7391060727126578, -0.9317402138366462, -0.8086971372397415, 0.17453423846750726, -0.26757052548249965, -0.05222323441844557, 0.03784571913664728, 0.7591153810782024, 0.7608163498147896, 0.5291370154570875, -0.6219491909164093, -0.4125205407568926, 0.08573687342574132, 0.3119929279241442, -0.42131400390032764, -0.7472511312911495, -0.6161171264828325, -0.26855739598922174, -0.9021745495805523, 0.10749987395144654, 0.26673416829397895, 0.23717338120255907, -0.21056965166745012, 0.5261421312875123], "Y": [-0.8763848373923981, 0.17009434342093763, 0.5657679336052701, -0.8386482460649759, -0.4917477123668169, -0.16497437781913804, -0.7852082534378593, -0.42304061022726597, 0.6648152437201257, 0.43062374912671864, -0.8192969873787118, -0.07455213887640118, 0.3004220421036639, -0.4801876421676672, 0.7691036788321528, 0.45128792535415285, -0.05722661667090007, 0.7393993239746031, -0.873301056641331, -0.22864016590763078, -0.33167555023011314, 0.02071054011402432, -0.6069015649604985, 0.6274415938655721, 0.32729390607409015, -0.5376604721314644, 0.9489651230060592, 0.9630162280024243, 0.39561631612518716, -0.9969943535031008, -0.5708305535270884, -0.5096010253964297, -0.3843745890034935, 0.3921080736233292, 0.003556792315045197, -0.1299845985212819, -0.8558378803486532, -0.028073230848918752, -0.5800140319140993, 0.41753007701524963, 0.8055559004400202, 0.028284699821536186, -0.01532710088159183, 0.6676018850982519, 0.9346115931996265, 0.7850166084476121, 0.23013725601158702], "Z": [0.03222856614128191, -0.8508032082631334, 0.415043186931999, 0.07939481180845706, 0.8679604161398616, -0.059433357706325476, 0.5542064440341256, 0.6748276466051631, -0.6680196168912501, 0.8925792017800781, 0.5037887279873756, -0.5610122535836521, 0.0075877749567330776, -0.747765470172981, -0.07328924304406101, -0.4655193345802581, -0.48498345523815956, -0.2581503857896247, -0.4248708983129583, 0.016130368040161436, 0.8066088560461816, 0.48989322810003494, -0.7933843847862405, 0.24502909942841886, -0.1572859592157086, 0.238600412672773, -0.2626842114034688, 0.03171369573231501, -0.9169299123719392, 0.06760148390356518, -0.3128838720203608, 0.4018274216245166, -0.7564854223324872, 0.6778129996671837, -0.9109413552375742, -0.9878022032180529, -0.4125553726297165, 0.9064802280398497, -0.32434467710577203, -0.6678834638184846, 0.5281634371345262, 0.4304428624627584, 0.9940869464382824, 0.6950975517708142, 0.2650470846959112, -0.5825884879209827, 0.8186643396897726]}