{"X": [-0.3392097575517674, 0.7025530051703497, 0.9792713081364222, 0.6896165642492404, -0.9287619348012753, -0.21580150358019504, -0.4102120385504827, 0.8082148553027806, 0.42989483446920335, -0.07363079455063719, 0.2238011927749645, 0.07235476042296514, -0.5490952576245948, 0.09596020837496753, 0.49848509283261405, -0.6385742299310649, -0.4571442744224582, 0.28961974804121327, 0.7095873633825411, 0.10602823492259132, 0.4384212419908188, -0.8504514543887421, -0.752238172099569, -0.0008444013490641883, -0.7659432301637787, 0.15808572653950237, -0.9635901704203681, 0.9191959365772102, -0.49832868068541436, -0.50098373430866, -0.23742676859067338, 0.638933575367883], "Y": [-0.7314833456935576, -0.3179484086413331, -0.15030859607641642, -0.6791656418479061, 0.3695159301309191, 0.37005218864664735, -0.20667245019547736, 0.5400384501325326, 0.2448922873010559, -0.8219752307652387, 0.9735151351986275, -0.33732224507247366, 0.7928751569884497, -0.9785285524922976, -0.8048190830828811, -0.5860542909070955, 0.8161113610281293, -0.5708390598321212, -0.05012951537252724, 0.7855550724276694, 0.5473853140924275, -0.36216179931650916, 0.2582162759127026, 0.8823725818706475, 0.2893283281486542, 0.047002824693953005, -0.20775820948565268, 0.16151793215285573, -0.866760615256127, -0.17042534324843558, 0.4885730946204954, 0.6702129626399816], "Z": [-0.5914971304703266, 0.6366538183098837, -0.13577566426395068, -0.2513225522041247, -0.029312895518411854, 0.9035989645469683, -0.8882638018958418, -0.23483445242629478, 0.8690329101461886, 0.5647435047012709, 0.0467044714315584, 0.9386045448555005, -0.26427898797430177, -0.18241028031874074, 0.3221472578329525, 0.49876178780789626, 0.35352702692096755, -0.768285864320387, -0.7028319894657108, 0.609640255874199, -0.7128507084145757, -0.3815378812698705, -0.6061865119664692, -0.47055064950469383, 0.5741254973409395, -0.9863060567264439, 0.16831669513319703, 0.3591528752119502, -0.01986358092476007, 0.8485107544025609, -0.8395980352344466, 0.3775956448066535]}