{"X": [0.09597521890958141, 0.0023139820622706028, -0.4912995844599031, 0.200986195884873, -0.1452361362051288, 0.4557694171562129, 0.8498424932209689, -0.4028652975821281, 0.13441136617747704, 0.9077306330628172, 0.6749268021892415, -0.3710554731716745, -0.4660857769284245, -0.36951665939243605, 0.40201749940223147, 0.8251842546275693, -0.5933643894773905, 0.8780226564450733, 0.21347559416228776, 0.7082799528325013, -0.6521293087325436, 0.0023479825214854128, -0.3514825828749433, 0.46705691842095004, -0.03286766098339656, -0.5764331077872696, -0.8187817576302897, 0.4401631312474779, 0.9383097994341308, -0.843568348069336, 0.2924840455786918, -0.7738437734995665, -0.9072135832564997, 0.44606952703314284, 0.37223760653676535, 0.2891313030421054, -0.7893196898664415, 0.6392807701310751, -0.9037695708144073, 0.53823985081678, 0.09331828082101778, -0.11162133213783478, 0.05615505668450895, 0.6484669688413435, -0.011524887511475644, -0.3744768284568718, 0.7038923367045633, -0.9018111139300266, -0.47061731940954205, -0.2752628548540216, 0.5079864868740906, 0.67217561248397, 0.008979480127214232, -0.6450564859495816, -0.14893022238192125, 0.8929257191484377, -0.9571804721318194, 0.996881029757352, 0.15861050052877956, -0.5991189351202371, -0.6612454043349119, -0.28538750054958584, -0.9633899620270953, -0.7055365539337084, 0.6134208944368433], "Y": [-0.9400205821107639, -0.9888305419864222, 0.2665399768198932, 0.6244972104638624, 0.8275063978810765, 0.7267494028935333, -0.5206785474319807, 0.9149740908342171, 0.41296246193118413, -0.2686606569797444, 0.7020132187700799, -0.11489374255296257, -0.5177827374257007, -0.7902841011934993, 0.10701784457232287, 0.1849614095030057, 0.7243727728273757, -0.22281593645258058, -0.3244243727417529, 0.6800129401470193, -0.2759043055486201, -0.003944150131405084, -0.061960953176563346, -0.5999332671263017, 0.9573948586018722, 0.5515215614183571, 0.562180593012068, -0.8917493694012995, 0.3239398635792831, 0.13941627591872685, 0.86494531061401, -0.3133922372386306, -0.14665995045593505, 0.2213654111681292, 0.9266024334344486, -0.32924195702147346, 0.2945064163404433, -0.2214387763849402, 0.3470736038786191, -0.7757909402962829, 0.7425393527168681, 0.4097279779067878, -0.013339764544130743, 0.3336458025492465, 0.9885460895222519, -0.8502553871302797, -0.6381257132334708, -0.42461610645184444, 0.5771569559619238, 0.7875768696883929, -0.5592259778740509, -0.14744646770248476, -0.6837144617416409, -0.7542875547329618, -0.5340706310217302, 0.29788062941507865, -0.18835510338599373, -0.07572622316068227, -0.8085945457132454, 0.15433904117903802, 0.7209099257662903, 0.42585000748703816, 0.17738627353118636, -0.6125446462029955, 0.5196601679421924], "Z": [0.3273378416306285, -0.1490261880404039, -0.8292051369030328, -0.7547236468977118, -0.5423464079406174, 0.5139158917361661, 0.08161854544213468, -0.02284655567391001, 0.9007749939235877, -0.3222523067265604, -0.2272691187968053, 0.9214755904263109, 0.7174016206902344, -0.48878264886576855, 0.9093564268852291, -0.5337229833063258, -0.35100254598293584, 0.42359092675823024, 0.9215080016300338, 0.18953076174646727, -0.7061190968043198, 0.9999894652734196, -0.9341417634476099, 0.6495674791353764, 0.28690556213531565, 0.6029501136390699, -0.1164019510680687, -0.1050689300545137, -0.12098630116718412, 0.518609240319265, -0.4078267925587473, 0.5504099561731398, -0.39427702607071163, -0.8671904818382138, 0.053358173067847486, -0.8988897726294612, -0.5387396383443992, 0.7364000035671917, 0.2504804909781385, 0.32931182782727303, 0.6632699360979842, -0.9053527833569575, -0.9983329406018149, 0.6842302746612351, -0.15047858936776348, 0.3699092883462389, -0.31197941028033227, -0.08023638161059099, -0.667389831250479, 0.5513193585114222, -0.6551458118801728, -0.7255614964590252, 0.7296943906471965, 0.12228006668850915, -0.8322189314965878, 0.33756597977657943, 0.21983607255852916, 0.02222052285028165, -0.5665841241729249, 0.7856436609228947, 0.20746901980199572, 0.8586068632694184, -0.20103206467663584, -0.3563807338667378, -0.5947000219628343]}