{"X": [-0.29101052201854455, 0.976147523267817, 0.42328059153956804, 0.05525565180163729, -0.7079595993513614, 0.5433464544597418, -0.31214730270623403, -0.9987139414246287, -0.2363765244754046, 0.7406614660295253, 0.5256345100386131, 0.20060350681569625, -0.6477313728473736, 0.0014066788596807066, -0.9097584057420722, -0.6639403998650095, 0.45121270597838536, -0.6787323629721225, -0.22402576728500134, -0.7503048770126012, 0.12798182822155685, -0.0737918480899924, 0.14840313946970995, 0.25048850608566725, 0.2513469783222241, 0.6755176727734888, 0.7524223904674106, 0.554147598501323, 0.1468704235502205, 0.8030341464705434, -0.21886939308758474, -0.6089115703676603, -0.7698559013004574, 0.8646659554432725, 0.4597549809426984, -0.22537535185458174, 0.7481856864792376, -0.43707125406455527, 0.7986063800894555, -0.738713349791664, -0.4695152176724385, 0.5250619654412808, -0.8487320791220163, 0.9139676327046086, -0.08515591359510022, 0.8708852382362365, -0.8853989344695771, 0.6534303459868853, 0.21230117082470001, -0.9385870990083853, 0.3920091450346852, -0.7712324168455981, 0.5079111076328051, -0.488355913488955, -0.009030602477841767, 0.06976628634781148, 0.18435708803226633, -0.5117882037970678, -0.21346883688761015, -0.5146841041565816, 0.9555414684981242, 0.6604084678451402], "Y": [0.9416244357486655, -0.20011353452913136, 0.3084934714315204, 0.38572674140371377, -0.6963677586691974, -0.21237617380919085, 0.8958709371693088, -0.041563979412623894, 0.6924840483058415, -0.6531034189688739, 0.7430992985922085, -0.4695389046611236, -0.7323487510506306, -0.9945032925859889, -0.25203995115303135, -0.1910404679616699, -0.8737182641035603, -0.5650339302335928, -0.6077532282156866, 0.6155689008861095, -0.7602743586305271, -0.35411960538477033, -0.07230458356840078, 0.4716764372813176, 0.9298201923977009, 0.4512674612968318, 0.6311645220285934, 0.4952248989108279, -0.8137684075613897, -0.351894829774356, 0.11086486168478782, 0.7477296128493433, 0.36976604878815844, 0.49432556587234594, 0.8868348914712222, -0.6111416411244448, 0.1467268324957337, 0.3099771267338886, -0.548693533565592, -0.014987822548721526, -0.08129495544974139, -0.7088301565785793, 0.5274796352999678, 0.24901708846940088, 0.5150042491220506, -0.12216928806861867, 0.25605124627540543, 0.6594292449101389, 0.84322436188194, -0.0952730631544596, -0.026281915341426397, -0.35155690421432184, -0.6591505422134422, -0.4988165308891585, -0.006622106797492503, 0.9937388032177323, 0.7485024820389545, 0.07996515525352418, 0.8233086247066133, 0.49284707217332746, 0.18173837818303434, -0.3407252952441987], "Z": [0.1692817121708709, -0.08420561808077182, -0.8518599174218981, -0.9209569446559642, 0.11775037313018745, 0.8122013243181743, -0.31619507483293785, 0.029032719808350826, -0.6816098455266629, 0.15772291168426325, -0.414139824561989, 0.8598205917881225, -0.21002232134665638, 0.1046958561272255, 0.3298719542556182, 0.7229707359416959, -0.18172366091272846, 0.4691045055625221, 0.761871688137693, -0.24107575529897754, -0.6368701211817122, -0.9322843280017089, 0.9862801607000589, 0.8454447627329499, -0.2688105397818133, -0.5831239595020958, -0.18839292039703825, 0.6690835064279921, 0.5623255796610881, 0.4809430198894698, 0.9694354910013792, 0.2648152668192702, -0.5201874281414859, 0.08941487808165717, 0.046359818459573744, -0.7587567760884537, 0.6470621416628861, -0.8443239305931342, -0.24731206178373233, -0.6738530641132581, -0.879173811366346, 0.47103051023444975, 0.03767084035474144, -0.32039609238964845, 0.852947298352024, -0.4760604655661089, 0.38795165436037177, 0.371728198958195, 0.4938632284299537, -0.33162825725831924, -0.9195858258668199, -0.5306677890222279, -0.5545690844637324, -0.7160241408444784, -0.9999372959943288, 0.08726887342359979, -0.6369901871094937, 0.8553820248283516, 0.5259220133836918, 0.7015711199719641, 0.23218885390097577, -0.6691538902070195]}