{"X": [-0.5025392426147725, 0.06467083361312412, 0.20563876001711975, -0.7582031143271688, 0.7728457630723056], "Y": [-0.8547368291931461, 0.07604279650389571, -0.2996850338096339, 0.6273041823323728, 0.6310970042734565], "Z": [-0.1299202157211013, -0.9950051137454775, 0.9316123554832987, 0.17781310484015297, 0.06652817221489302]}