{"X": [0.39912280143888906, -0.48275263338082247, -0.5764232873424205, -0.15095487153039513, -0.7502087627676355, 0.12793854738187646, 0.6433978656447356, -0.8903214106894548, -0.3362388629786914, -0.8983868144049431, 0.1417439462650484, 0.8554892061711661, -0.6880088284761303, 0.732535972975478, 0.2706229202702133, -0.9543106972015263, -0.008859454803620097, -0.3581720523180462, 0.03703267345641395, 0.7360220058327347, 0.9602912447203947, -0.8483204415073552, -0.8213674034188306, 0.1281158800452297, -0.43823500850679387, 0.4921818475172423, -0.5954292400406441, 0.09485955891960002, -0.18680191336498822, -0.8570364035564972, -0.6618233629049588, -0.282314948938139, -0.3988425135080276, 0.3591729674296552, 0.7913791720716326, 0.8768292568214516, 0.5173607730204057, 0.06301887586275338, 0.7023727863729315, -0.838196271268338, 0.3109128958562244, 0.9843185866000678, 0.23475971704422555, -0.2587566859434728, 0.08152455555326052, -0.9917495601343044, 0.5667436250299086, 0.5384531777433463, 0.4798410372462279, -0.6322493645087388, -0.21836247886506757, 0.14695985051990976, 0.8440953152162097, -0.433439593666399, -0.24149134394436642, -0.5814712542804129, -0.2842131285161573, 0.49076711308795423, 0.06269331372037097, -0.6459217619389019, -0.2646643554183726], "Y": [-0.860669418504877, -0.6721533469165952, -0.8029104777358617, -0.9110091398207608, 0.423672647836583, 0.9559697466963354, 0.39631284177883314, -0.19321012521985326, -0.007528374831864687, 0.29871919639661254, -0.7330903355459691, 0.23774399685797676, 0.03380404604594334, -0.20027869771071843, 0.9526578890554728, 0.19988785911040932, -0.9998811207637052, -0.031251592088173234, -0.2002152912755707, 0.6718716981459424, -0.27094733329517773, -0.5209992319281298, -0.46348561295692514, 0.4840270315925875, 0.6568084012538244, -0.6085842413068465, -0.3047176628209105, 0.7494598482843375, -0.45327863030113874, -0.07286870301500713, -0.5710848309838261, 0.9519869913626279, -0.8879274716666921, 0.09458679373802152, -0.5742301786236158, 0.3888853351682902, 0.03018916365987416, 0.07215778352321366, -0.5554838776679615, 0.5453629153219723, -0.3849451280955773, 0.1643612841033507, 0.430322224477306, 0.39626117846907977, -0.5708228439034656, -0.1015177880095037, 0.40551762218597365, 0.758676081860029, -0.8681215777825513, 0.24885714099678366, 0.924133832301169, -0.8875689227072919, -0.12265745950501186, -0.3884042306551647, 0.4545575941438591, 0.7954543121045329, 0.8139645407197852, 0.7456143449751756, 0.802067903071287, 0.6261357584479602, -0.7493106117154957], "Z": [-0.3161473413173835, -0.5613909272447325, -0.15189127213677495, -0.3837642165761151, 0.5076300815966214, -0.2641090144148051, -0.6549620736538753, 0.4123076923615029, 0.9417466488367175, -0.3219751130250606, -0.6651971238860773, 0.46001740193455976, 0.7249145731807483, 0.6505993325697226, 0.13858636817808706, 0.22211694439415028, 0.012619603832906568, -0.9331324230409279, 0.979051795481786, 0.08282528696265172, -0.06654523193728538, 0.09440460185321982, -0.33247056288181576, 0.86562356366258, 0.6136389829219175, 0.6224003938040882, -0.7433782119954706, -0.6552187420176536, -0.8715753142875853, -0.5100772050384682, 0.48564591229963633, -0.11840201806720967, 0.22914941518187354, 0.9284654640416825, 0.2097110106053272, -0.28273424000815206, -0.8552347308997955, -0.9954003594343394, -0.4450956420969424, 0.002510263606478041, -0.8689939122604807, 0.06404910898320568, -0.8716138241068795, 0.880921140578342, 0.8170159286818116, -0.07827482795299753, 0.7171869502330562, -0.3667134824240949, 0.12695473666940485, -0.7337103409746948, 0.3135195174470925, 0.43660532495536847, -0.5219753312732547, 0.8131864929101298, -0.857356007972237, 0.17071501925685326, -0.5066405274254001, 0.45078474827633086, 0.5939331841862245, -0.4367368652249798, 0.6070307950520526]}