{"X": [-0.8873167710874829, 0.7080749476871607, 0.4326209219898079, -0.2566093207880845, 0.060421357104836045, 0.6595501841646588, -0.2897574134869107, 0.4432601037127376, 0.28995486055955283, -0.640361226095624, 0.3167053987910573, -0.03036190469612484, 0.049149967981706955, -0.6376370198606863, 0.2627567691014886, 0.3956228651224177, 0.48937280986698123, -0.8071212017793132, 0.06744453055139099, 0.7956029613212136, 0.5880302370365724, -0.27670563730962516, -0.7235477134566988, -0.17737956436078753, -0.04085740921658007, 0.38664719017462085, -0.0031518359232180727, -0.6279501970101439, -0.03720458371661214, 0.9053453731183285, -0.9160470184394409, -0.5649406491615373, -0.8326812854800455, 0.6651644766113308, 0.30649835452280827, 0.9676398233056112, 0.9558228901600415, 0.8296182422864559, 0.9109723517821674, -0.27953849773081657, -0.008609646892671258, -0.46077893755191784, 0.1462398691199795, -0.43354487214360915, -0.6354376867026095], "Y": [-0.2794710757316594, -0.6711743293608073, 0.8211693097162871, 0.7739032275952008, 0.6651307905616345, 0.5134869626982675, -0.22708348028467143, 0.20711497798743927, 0.6992584252750138, -0.6621921076724103, 0.9388724905544533, 0.028216304722232334, 0.9322547281118707, 0.5072460640763212, -0.2205330131102588, -0.579041463610374, 0.04835447280179975, 0.0661798875526057, -0.8129979101221189, -0.09443257498947043, -0.14346422674491277, -0.5932389063442244, -0.5231043440976911, -0.974689418788262, -0.512299583524806, 0.3700924520155574, 0.9085373291346724, 0.3084164185702412, 0.06613812476115015, -0.3362107109062807, 0.40104153992254665, -0.8244463666107712, 0.30549602713449053, 0.746695163893654, -0.8291395590402786, -0.09465238744756085, -0.2925104536297485, -0.12621113303611817, 0.2670836600145931, -0.7202721433118168, 0.5199792350991063, 0.15150860317643136, -0.5255697307080122, 0.03547326832128948, -0.35136698970481883], "Z": [-0.3668308405468012, -0.2194422203334974, -0.3721828886942079, -0.5789865722125244, 0.7442783693299605, -0.5489304998879845, -0.9297707966543027, -0.8721375271996015, -0.6534246961355211, -0.3891517861319409, 0.13496716955124832, -0.999140628185565, 0.3584486051869347, -0.5797589683500061, -0.939321068868285, -0.7128769403005579, 0.8707330807560693, -0.5866648004796621, -0.5783473294100784, 0.5984132491161719, -0.7960141053870822, 0.7559772419065158, 0.45037823164281293, -0.13607728337006678, -0.8578343714449889, 0.8447103215251859, -0.41779179922438514, 0.7145333182093241, 0.9971166267812167, 0.2594457809353006, -0.004852140224993444, -0.033619213364362924, 0.4618593446238168, -0.0015972702350108966, 0.467532191735824, -0.23391044847026896, -0.028986844661394787, -0.5438789589267732, -0.314317821387328, -0.6348750017565662, -0.8541355097677018, -0.8744872291074652, 0.838087321729233, 0.9004335017493449, -0.6875755848369037]}