{"X": [-0.07339130387287014, -0.6107814551877289, 0.36953768731051134, -0.1713998751281003, -0.25066918446191894, 0.4541510567495668, 0.9901197835249446, 0.4803436435663533, -0.8291033533833744, 0.23716557731590657, -0.7268556653633521, -0.8377395659086709, -0.2523164934349502, 0.1512775418634843, 0.8587047828388409, -0.5758228514350382, -0.27336394214493814, -0.720453610641904, 0.4848650675421249, -0.4453853548678612, -0.21017947505577744, 0.4526267500267059, -0.7264078002971457, 0.033706172784660794, -0.29822924999369044, -0.002065020198883849, -0.4847870376094678, -0.997789285104678, 0.07598185613095768, -0.006958166447684156, 0.7190829903904236, -0.45349967441489214, 0.7277707570819852, -0.015664506954121367, 0.32270858737721764, 0.806318306960976, 0.5741114601766565, 0.316581118480656, 0.8928625326681705, -0.3461890203540187, 0.028226989521893404, 0.7183571450021964, 0.06411257668407622, -0.5916676054848177, -0.3664620286846498, -0.7711709613075257, 0.88732996550204, 0.9675970347972755, 0.21382628115807784, 0.006275602027701178, 0.36562251045347205, 0.6930496181935745, 0.07511507703337808, -0.4198008048460444, -0.9306310852327423, -0.45012768998312663, 0.36291265690037006, 0.6871104533793478], "Y": [-0.7054892294409989, 0.3543786501402294, 0.11452922809470552, 0.9060817314526763, 0.3393901402575197, -0.6627761260150027, 0.09330009574085772, -0.649847002939754, 0.4637192593114875, 0.2054068626444771, -0.6694815645712028, 0.3149805603584839, 0.0934906910862998, 0.6394073750276091, 0.2913068436263751, 0.17231469417030063, -0.9616698302389465, -0.24343952630571764, -0.20204937411347187, 0.8836043036697944, 0.7010381695671758, -0.8754995889178568, -0.5999022525700263, -0.49289660311180794, -0.8710408086957271, -0.9611196480966767, 0.5072255628064731, -0.005048272775263427, 0.9926657798799128, -0.7871599007834454, -0.37351885462853446, -0.8401564888913443, -0.37503882517361087, 0.010613019990205834, 0.7447392157736472, 0.5695710024521874, 0.4939079089780145, 0.9129445366250977, -0.11705810015863079, -0.7093261996013905, 0.5227098737833329, -0.006410611276564619, -0.4080157123493806, 0.743199871323676, -0.36627800849550257, 0.0025105053374334463, 0.36540953628610984, -0.23865344515927633, 0.8591286309437925, 0.3445317923111247, -0.18773635473206748, 0.3427526459951106, -0.13607886665939933, 0.004950980232749944, -0.3446106678014975, -0.6177501248798756, 0.5059706383004325, 0.1366787085473669], "Z": [0.7049103940633771, 0.7080690547704717, -0.9221306597056784, 0.38683068484001065, 0.9066307366602886, -0.5953777157719264, -0.10468001914053893, 0.5890406241131588, 0.31233328025051843, 0.9495054026781341, -0.15321643654808437, -0.44607136907383677, -0.9631177902109881, -0.7538390505194357, -0.42162355103354665, -0.7992094155715495, -0.021524236180984375, -0.6493718441271468, -0.850930030435949, 0.14448294088039307, 0.6814470434855386, 0.1692025264732338, 0.3353341542832619, -0.8694347776326017, 0.3903168252008807, -0.2761245330174387, -0.7125333371860527, -0.06626505468406584, -0.09402875620946526, -0.6167097165752156, -0.5860062441375126, -0.29744767519574816, 0.5741912614701757, 0.9998209774897563, 0.5841426778808869, -0.15949815367331296, -0.653032165167071, 0.257504696011398, -0.43484928302186704, -0.6140109972511673, 0.8520432060124317, 0.6956449642506974, 0.910721008864381, -0.3123834116663906, -0.8553046252797301, 0.636623158390407, 0.2812852699899492, 0.08246521306058827, -0.4649476497184938, -0.9387536742437145, 0.9116332820611674, 0.6341946470801304, -0.987846277135751, 0.9076027611490328, 0.12316359379270413, 0.6448021758038291, 0.7824884131023073, -0.7135812185635569]}