{"X": [-0.31436166327189236, 0.13142003687851878, 0.028450807721783683, 0.5943574123204667, -0.01683153537837579, 0.8147288747801961, -0.4506974291082581, 0.6470964801966027, -0.7470349797774974, -0.33746733436920395, -0.20636329423789188, 0.36415065846242034, 0.4917471823996471, 0.7773459034365682, -0.9369696665342931, -0.5676541029980475, -0.04722613180400026, -0.6400528557818422, 0.3757142700658537, -9.84498726788801e-05, 0.29731552553979457, 0.19849112904841767, -0.6426097949982877, -0.7170252448608382, 0.7919649439922968, 0.5806097103786413, -0.5034419350794381, 0.7580096117142222, -0.22291391552625808, 0.33806833099636474, -0.42815490731710526, 0.6842779214448925, -0.25987917648170017, 0.9853273794544277, 0.6047596516326337, 0.2717338322446677, -0.2685378800439976, 0.2730346830128399, 0.8487048805660815, 0.9157178798391958, 0.31189559709752207, 0.11910601678813645, -0.9791512877604497, -0.5428080146279051], "Y": [-0.832565003590372, -0.23851069624595275, -0.40106854399092495, 0.769908411695413, 0.17547699362147384, 0.3756907798281649, -0.4849533410962382, 0.1161886739579451, 0.4281570759517803, 0.9095919900299722, -0.7980666183876062, 0.43540860685142196, -0.24735230037589542, -0.575496040319331, -0.007257420751233072, 0.6269056311677277, 0.9893806461908622, 0.7545088495829884, -0.8575682257486746, 0.7342265231078503, 0.7883328624423014, -0.5755271898248389, -0.6832292707405249, 0.0592220212899116, 0.4035403821108024, 0.02531554514541043, -0.38421108209791843, -0.6221420195076052, 0.8255294997937414, -0.9408248747615016, -0.9036933989347474, 0.7001511573182778, 0.4938057833156762, 0.16531549054279257, -0.44397951519462825, 0.9282316767294035, 0.3608143154784289, -0.645973812151625, -0.2685559614177743, -0.11720903558843572, -0.8381263112251824, 0.03597270816282838, 0.045184786082812255, 0.07004958839527482], "Z": [0.45608361016538773, -0.9622065379548819, 0.9156061241390742, -0.2323366179067892, -0.9843396386036558, -0.44167102978517936, 0.7494611960300562, 0.7535027122453256, -0.508547202628483, 0.24240092802433474, -0.566130606315059, -0.8232943841792495, 0.8348661857452133, -0.25404262238285247, -0.3493353315063554, 0.5336273502732737, -0.13746137427576902, -0.14508183106944722, 0.3513054589031503, 0.6789045610927797, -0.5386416027996012, -0.7933282583277923, -0.34677141603025635, 0.6945268536396503, 0.4581993970894612, -0.8137883554020794, -0.7739044271721265, 0.19585896995504828, -0.5184693156157338, -0.023629612932450434, 0.004649307695171044, 0.20384328080398872, -0.8298305019672298, 0.042435172723416015, -0.6611716523299517, 0.254060384022671, 0.8931407709467238, 0.7128603621231687, 0.4556069811693935, -0.3843472473158056, -0.447510248981237, 0.992229671513756, 0.1980431538420438, -0.8369304119348063]}