{"X": [-0.8001091259682395, 0.1260867559068847, -0.9552142484589045, 0.9853856578455975, -0.7154968348459043, 0.5236205447464202, -0.10983331997509069, 0.5735626764358343, 0.2960987150325725, -0.6555016232987889, 0.017637922515117498, 0.10348612370338602, 0.8977504538181414, 0.08457476342837304, -0.5277630109241649, 0.7597791483518705, 0.26615807971429656, -0.23620795260586439, -0.7266309131773088, -0.8614497179858863, -0.406116094371919, 0.4523803428979295, 0.6817246625102594, -0.45332565856221185, -0.26813016516731186, 0.565093242686661, -0.6919858318828078, 0.06380844820794827, 0.8109460752277856, -0.30665923652902216, 0.15508767747533453, 0.8354488168700779, 0.3247188583430288, 0.2705104422136733, 0.1107604019982036, 0.12558002029399143, 0.4047848486570387, -0.8902925042146285, 0.2566392199670093, -0.5349923601678248, 0.9237570926988159, -0.9137407095716692, -0.8713239803894648, 0.6164909627222503, -0.6353511154125041, -0.3187520695711169, -0.6669010514623546, -0.9909584493114237, 0.7748451596718563, -0.24637899855741754, -0.5591462271075655, -0.10592759395986374, -0.7079405369392752, -0.5811989650906147, -0.29542619267378634, -0.17361341301527264, -0.29750453141414873, 0.02607009561042291, 0.7001258653750572, -2.6356732780207623e-05, 0.6515441751738871, 0.9368097920928938, 0.562801395047109, 0.24364252833380182, 0.8333889705978047, -0.6635370781080712, 0.4959242779577908, 0.4687329531449838], "Y": [-0.14467360901044907, -0.9628059128783469, -0.25158048737333055, 0.16943136049667765, -0.5246730390903026, 0.03277648422428405, 0.4396049960298978, -0.10673011030551488, -0.2236138543347625, 0.5359304448277489, -0.15199582736692835, 0.8951627132355662, -0.44037723438120907, -0.8448748743583891, 0.5753701782325807, -0.11448384505012492, 0.5156291026829019, 0.9641561176011169, -0.661016839319129, 0.2488448435596615, 0.3561456645290857, 0.8633997603127681, 0.2899727441072382, 0.3666476490910461, -0.32168264592229073, 0.47899488723151196, 0.17490898633457574, -0.9850625892868348, 0.35205136620369476, -0.559223876930613, 0.9231068734201989, -0.42146606219043414, 0.09327383015577323, 0.34193824257868477, -0.517437444354633, 0.9913887486932423, -0.7199439707680528, -0.17804798095601318, -0.791210276425996, -0.41465246959666, 0.1932021220130946, 0.1929557429076606, 0.4794858036960663, -0.4387729893385598, -0.1855625793068434, -0.10216212193930478, 0.7433111354325039, 0.10975391570551038, 0.6034349113801212, 0.925351540799021, 0.7494444054783554, 0.4823552714530872, -0.6896619355496315, 0.7649569049377214, -0.8152617734015585, 0.15415859778594138, 0.8153336685232194, 0.02143153635219888, -0.5513143175677351, 0.7535611211933226, -0.7450291565388171, 0.009523644721225008, 0.800935658671835, 0.684616407465157, -0.057426615808993005, -0.5331745556360982, 0.6648072159681232, -0.4895954664124373], "Z": [-0.5821468314765886, 0.23897050887373278, -0.15579793937689865, 0.017553329953137204, -0.4612835151804564, 0.8513208720578612, 0.8914505534738328, -0.8121788840852335, 0.9286131568665238, -0.532067834170967, -0.9882237459970256, 0.43356007546081426, 0.010583671767337653, -0.5282362691721678, 0.6248322673332963, 0.6400227300278057, -0.8144240327183522, -0.12086680279583416, 0.18725451703940008, 0.44269699255337674, 0.8415640103576404, 0.2233671400439337, -0.671689877994444, -0.8124440588158338, -0.9080894723758139, 0.6717391793515884, -0.7004016383282307, -0.15993804151861457, 0.46736099390809527, 0.7702134562068699, -0.35188281080452266, -0.3526919800790432, -0.9412001145582548, 0.8999457422064752, -0.848522612856571, 0.03712152296724635, -0.5637640510465592, 0.41913980175680393, 0.5550879292982547, -0.7361022374775473, -0.33067472497647665, -0.3575555858190654, -0.10434502983945454, -0.6537714866134015, 0.7495968845353337, 0.9423163051677438, 0.05226417033157374, 0.07717143076039482, 0.1883647691601612, 0.2881352373638492, 0.35452585210188725, -0.8695474322538667, -0.1522715036113672, -0.27757646976229844, -0.498067872395336, -0.9726733827703217, -0.49671124686332285, 0.9994303574358985, 0.4537359318784991, -0.6573778486769881, 0.14290466648796962, 0.3497094703179957, -0.20434446506069504, 0.6869779421616204, -0.5496953769886168, 0.5248270564653204, -0.5586505850070839, 0.7352453317800599]}