{"X": [0.7744225926858656, -0.6942607849454078, -0.37443458733358925, 0.914351747623621, -0.3857960111651915, 0.3633657558398204, 0.9636991628024315, -0.7082290074934452, 0.15009788997556692, -0.784065059546196, 0.2174239852733444, 0.22763106417139134, -0.8957679229280183, -0.4537794097892643, -0.4716438979744859, 0.3384906702835957, 0.3990665401152934, -0.6013834901175511, 0.24895728510468096, -0.037276490352027555, 0.4978844718850981, 0.37915513826808794, 0.8469346088821468, -0.5368360660933524, 0.6849960757499881, -0.14881904297634913, -0.4774234968423532, -0.6251151478433186, 0.9174646517603243, 0.7545747923153523, 0.554773415901691, 0.3166321493282802, 0.08650404302029938, -0.9529550246426484, -0.907759379786203, 0.8525858288461332, -0.9429746725476131, 0.33998309958121564, 0.6681089587206065, -0.4663478967721218, 0.6821556608706751, 0.8320837351613302, -0.996290515232792, 0.12026569731699335, -0.17262792194382914, -0.3045213410762413, -0.7558487021004561, -0.0005513830269206993, -0.36089279255601964, -0.3602254165870822, -0.2696733419110443, 0.9495608537222469, -0.2207422938464372, -0.6862422864877133, -0.2361430176262638, -0.19235706588516355, 0.7703751857243267, 0.4789600836130006, 0.3203223080521562, 0.5114698779431045, 0.13121525544673848, -0.28282934941037446, -0.14020095245892641, -0.7262540887042265, 0.24571410676449623, 0.7309687204959506, 0.4357523757384831, -0.42846294993770573, -0.6309194056564149, -0.12886084937463946], "Y": [-0.17404523163640495, 0.2946794829822082, 0.7804088758870047, 0.19953912990818026, 0.6394585721187922, 0.868983066555474, -0.11700011736094362, 0.7031884642804411, -0.3394861920737196, -0.02449303548278294, 0.3068588962912586, -0.8131608132930949, 0.2798033861399992, -0.8868848971858471, -0.6271328443265456, -0.7870901303148069, -0.9166514132765655, -0.008545859815202225, -0.3122144545636054, -0.9032874088611657, -0.8074350434106885, -0.008943355691120735, 0.1352160325338334, -0.2648783321252481, -0.5248686817644735, 0.02941988685328849, 0.16357463023699223, 0.3955596979147209, 0.34148650215765375, 0.6492929441163677, 0.192408222096678, 0.8844907182550511, -0.6717649358615301, 0.06657239598948632, -0.10277413745178178, -0.29602781548523616, -0.30356715820879265, 0.7087424153376456, -0.5711201346637551, -0.711473300374996, 0.6784273091782151, -0.4871243820274294, -0.0049934029036918645, 0.7799411533698757, -0.32610217960640786, -0.8251208498907271, -0.6510050411131213, 0.9972146641075483, -0.20589830789913025, 0.45121078676437715, -0.4697927367905456, -0.3053521507516836, 0.3958364282588937, 0.5519487785962769, 0.8661724446286572, 0.6860623075517965, -0.6359917825102942, -0.41313734998427487, 0.002584120850455554, 0.5204789448484378, 0.5777044139722131, 0.9346476364182706, -0.9609226569470248, -0.29347950999180145, 0.3154487484058081, 0.5521451088954292, 0.9000641491006666, 0.8985798894543519, 0.7390490724722, 0.022872421890584332], "Z": [0.6082580910126327, -0.6566322904002854, -0.5007601484194868, 0.35234218772823156, 0.6650219337080716, 0.33590736449622643, 0.23998936674656687, 0.06275075017690526, -0.9285578866264441, 0.6201951899294764, 0.9265875179359838, -0.5356804927834431, -0.34541264215111533, 0.08671462618818292, -0.6198842061791295, 0.5156677155804719, 0.022272922989226982, -0.7989148052790437, 0.9168109971825474, 0.4274135237213682, -0.3164801784126085, -0.9252898991742475, -0.5142162899242442, 0.8010284060580877, 0.5052655174360708, 0.9884267108415996, 0.8633134685649535, 0.6728770893130785, -0.2040724910771602, -0.09505553914918612, -0.8094476716121708, -0.34266638488830115, -0.7356962154912152, 0.2957107321362354, -0.40670675563753583, -0.4306564023787304, 0.13654943204114697, 0.6181388846371902, -0.47691950165507085, 0.5256666072994642, 0.27276370818585627, 0.2652291351159678, -0.08590852800868694, -0.6141888629150852, 0.9294390614888667, -0.47585957582540234, 0.06989403392535894, -0.07458290464729353, -0.909594568522368, -0.8164842161071669, -0.8405778209787468, -0.0713740086417944, 0.8913957380258528, 0.47373417656127914, 0.4404336174639463, -0.7016532401127747, -0.04512788272883954, 0.7745416504962134, 0.9473050940872058, -0.6837398861601702, 0.8056302916444174, -0.21550256344146937, -0.23868669903344036, -0.6216307391493489, -0.91657878268381, -0.4010243239248306, -0.002096316283618462, 0.09472952443079073, -0.23610839045687665, -0.9913988772513844]}