{"X": [0.19767285882396662, 0.710468161677831, 0.3743350585890552, -0.07721328340010426, -0.12099846554702125, -0.41673118775404233, 0.5845359490366169, -0.440885027045461, 0.8015559242660988, 0.8839319467013012, -0.3993207182051729, -0.8435034930244822, 0.5277078680266819, 0.05949709185682332, 0.2329044986568942, 0.7385239377577336, -0.4225318153209072, 0.0005208093691591641, 0.12196217442929637, 0.8970011489629548, 0.8133160807396254, -0.7890680456023905, -0.6820399449335499, -0.5966771275398413, 0.9765084613368302, 0.3821375126787353, 0.5022699379328066, -0.9050684034587239, -0.2310117312504088, 0.21697636957430333, 0.6443511076505839, -0.37017176184200534, -0.988109685116609, -0.8483594890905417, 0.7724081953680723, 0.6843004568566764, -0.8477352818569107, -0.06335088307272183, 0.4695484864254816, -0.7009894604642555, -0.7073268176924163, 0.3084748441917867, -0.5955533329624693, -0.7858547845081683, -0.36869761648272853, -0.3728375854660698, 0.8914732119998622, 0.7434411274329578, 0.5710675201890131, -0.1327665232088958, -0.5871928237380155, 0.14692665050110057], "Y": [-0.10817693654084866, -0.6782581563603655, 0.18451867431340044, -0.20651593850237834, 0.17887533533818423, 0.06654898196449476, -0.40315152419136235, -0.45710664436697374, 0.4255292021543443, -0.0036395734020443975, -0.7708328951356498, 0.02474444860577995, 0.3757485892133389, -0.9595001322516852, 0.9625834896439374, -0.5744656801934922, -0.16411872037742206, -0.7653464240040251, 0.9213616451403323, 0.43207439549564414, 0.5363986313443384, -0.6016752422633235, -0.3086334672899858, 0.3423803672427878, 0.07606458744901455, -0.9102247564029132, 0.7957032503306646, -0.28979104886287577, 0.7210130666377597, 0.22317025168633498, 0.29750680105818145, 0.47054384959947215, 0.08660149478249331, 0.273039406780573, 0.3764315514481347, -0.4384792023087454, -0.39691220357402546, -0.5066283357062993, -0.6981248267593716, -0.191878531829366, 0.6886953509205433, 0.7305366638785883, 0.17303620886822288, 0.585907942035903, 0.8963518142017266, 0.8960252838142245, -0.4529309429073014, -0.012417210780096262, -0.2448447811877244, 0.025715078010976736, 0.6088178412589684, -0.48646593255355075], "Z": [0.9742808585233508, 0.18761893447293992, 0.908749758041648, -0.9753918576710886, -0.976403085688958, 0.9065905085277446, -0.7041211350513794, 0.7724467027586357, 0.42003928195801815, 0.46760139767359465, -0.49634626198743265, -0.5365534172090353, -0.7617987947791198, -0.2753535768236525, -0.13852263342241442, -0.35294698700887, -0.8913651948911268, -0.6436183496621674, 0.36907715571785005, 0.09327730440044206, -0.2253740470911765, -0.1239295051898241, -0.6629984135603957, 0.7257768869270347, -0.2016070521429929, 0.15956758516367556, 0.3384985182570082, -0.3112432056441247, 0.6532792188354857, -0.950324309806191, 0.7044865885122251, -0.8009752507655246, -0.12704106139431273, 0.453580929509771, -0.5115514312389207, 0.5826395745985937, 0.351860191765132, 0.859833934590495, 0.5405052683903616, 0.6868743737693516, -0.15933451162114576, -0.6092285722370507, -0.7844582194214087, 0.19784878348090323, -0.24620213804357652, 0.24110335051481438, -0.011361040610427434, -0.6686861019324801, 0.7835387166632588, 0.9908136984710653, 0.5334279931868454, -0.8612569046674353]}