{"X": [0.38353063860650394, -0.5655118740390029, 0.9738394570366412, 0.16062557556587823, 0.828960801664189, 0.2244672990397804, 0.8557969610228371, -0.6848358488925528, 0.571313722809468, 0.7105885211612842, -0.01738995276149575, 0.20547102492071187, -0.6123129639979936, -0.8951366830950821, 0.006881667786857858, 0.396425154072896, -0.33747948471540595, -0.666286700063981, 0.2905829538182916, -0.8789219896864807, 0.4932560520748364, -0.39821946620902304, -0.25500570381263454, 0.8773719690693732, -0.7794675040748222, -0.2824889639436822, -0.7311062245238914, 0.5690212214198498, 0.4108029553165865, 0.7277816715074402, 0.058538346077452945, -0.6586840046198988, 0.8599078460443067, -0.21287034357558932, 0.03926897365300047, 0.8981030493123641, -0.07652667339076291, -0.09482046875678056, 0.7328125047892428, -0.9830498338556054, 0.1160383368383227, 0.5438582158390547, -0.8795213553745617, -0.8841198860565708, -0.11401821315986971, -0.5520758894899507, -0.6251152058617595, 0.583049633536646, 0.2597115880421857, -0.37848310397313545, 0.6002606548505601, -0.3076033932524983, -0.19257903326941211, -0.3972325678428099, 0.9675549900368379, 0.6783563907771658, 0.41336489488564176, 0.15455285878862668, 0.25183574516663026, -0.588028003285273, -0.47457541032028755, -0.9401723550544826, 0.18725350933832868, -0.23888098145183193, -0.20868617993282546, 0.5292248336684677], "Y": [0.19101777840030615, 0.7954756512253716, -0.007752406138935971, -0.7282113942631139, 0.07196288889255771, 0.7355776240411436, -0.4585152480295253, -0.5949159432021501, -0.538329860624346, 0.2269491487983759, -0.11592802210867602, 0.9769695932947651, 0.44368080028601475, -0.10509251922385711, 0.706594122615011, 0.6018200095151716, -0.09851719565703468, 0.1729498658897857, -0.34588802349104886, 0.31084910734452675, -0.6737753062058249, -0.7988235270883429, 0.2730133296987435, -0.1565107946220871, -5.471503850556131e-05, 0.8033910916865052, -0.6607057921958646, -0.8055301301831833, 0.8449394493762569, 0.5408517141384279, 0.39968136837183355, 0.6945522748686429, -0.44082876846298724, -0.5268100124287607, -0.003416828175288578, 0.43932902331840035, 0.9674160894126653, -0.9929109479332735, 0.6480865900300815, -0.17262766317121844, -0.7159373107848157, -0.7997321934329598, 0.4758282280173755, -0.4350412558802701, -0.9502870084946903, 0.48826795162194303, -0.33239901056967047, 0.8022309038737101, -0.3298352385047681, -0.16199550285423706, -0.35315448874393957, 0.9489721572016915, 0.6213984205693828, -0.8911423752912392, 0.1310378102887094, 0.48794878521826124, 0.46311476602625956, 0.25034735071690295, 0.8782821683795198, -0.37129693560287197, -0.6776927442753145, 0.18417673498714998, -0.9207657608655473, 0.8604939412636327, -0.5873180680951366, 0.10764700704262824], "Z": [0.9035576669948071, 0.21774941705654668, -0.22710484829178942, -0.6662639039746203, -0.5546578512258729, -0.6391713312342567, 0.2395314777403997, -0.4208026622961324, -0.6195172243689101, 0.6660015296179969, -0.9931053736804183, -0.05755060117404174, -0.6543853463958015, 0.4332272855911984, 0.7075856050926942, 0.6932963099320806, 0.9361634256667463, 0.7253622386136155, -0.8921451799767189, 0.3617581630159417, 0.5502047835477197, -0.45089048482124827, -0.9275967943184302, 0.4535667525933685, -0.626442660662276, 0.5241781558294758, 0.17015153429004515, 0.1653361997292975, -0.34251753063296836, 0.42167909828607897, 0.9147830703587245, -0.2893657193461004, -0.25734897164520965, 0.8228957574509785, 0.9992228345036259, 0.020023038878600467, 0.24134990823542823, 0.0716723669135643, -0.2072911108747721, 0.06174717859555135, 0.6884539718891903, -0.2542570743386844, 0.005448198045094032, -0.17050258872355487, -0.28974894055723965, 0.6758747070743154, 0.7062165936684822, 0.12836939550668972, 0.9076114843241622, -0.9113221148758893, 0.717613442821679, -0.069512569478599, -0.7594585695473421, 0.21925226111786317, 0.2160241503386944, -0.5493073730579267, -0.7839988374765776, -0.9557403506336283, 0.4064470324198924, -0.7185830870290865, 0.561703413089082, -0.28662671382964483, 0.3422375444894531, -0.44998450389895595, -0.7819894917414433, -0.8416253307163153]}