{"X": [0.26597041199776955, -0.11314368273099643, -0.3666002517447391, -0.988117208426104, -0.723407229865618, 0.06911945050567594, -0.6205580379815835, 0.8596997642501961, 0.17698069801035565, -0.566822479120983, 0.3674049959171994, 0.8976861705524831, -0.6135040834860368, 0.08947167254706885, 0.6952405697085804, 0.5705794292326634], "Y": [0.9376208019307499, -0.9122253400754298, 0.7606074881744556, 0.14906789568279155, -0.6796805946320889, 0.42390904869684515, -0.2039675494578858, -0.17040642458285982, 0.044401054676755015, 0.727733948985725, -0.3513713871721515, 0.2500186598321834, -0.11693977724636687, -0.806658601458579, -0.7063946769048318, 0.6542854125504467], "Z": [0.2238905351471437, 0.39375555358919595, -0.5357989402319114, -0.0374585756390654, -0.12131063044400973, 0.9030634639906152, 0.7571690433876656, -0.4815370866392777, -0.9832122755922849, 0.386154860977801, 0.8611339717208936, 0.36283633904907747, -0.7809851650598288, -0.5842060599690144, 0.13284242798069773, -0.49633629109729593]}