{"X": [0.15792152426722397, -0.6283982270337204, -0.8445147480322265, -0.11338469032462192, 0.20479578157888068, 0.5761791249937478, -0.3297938344585738, -0.23787820131915186, -0.7757684345794008, -0.1105951874511968, -0.3795099272222505, 0.38382449025911414, 0.6807008966376236, -0.6974172775796703, 0.21995914757071128, -0.032939386350204006, -0.2563344732127494, 0.5197900066880895, 0.38083464198178957, -0.35237126277685904, -0.030248607286550475, -0.4265782483377583, -0.8140519811499095, -0.8187444348042748, 0.2058288986436296, -0.5994906181651852, 0.605179848951267, 0.3328131537124815, -0.5500724891738266, -0.38621906715320975, 0.8459764746383501, -0.06565207246708159, 0.19581573454612655, -0.9075055677375882, 0.7840007119368446, 0.0677593648507171, 0.11973749391906631, 0.17008394110597358, -0.17069362859455672, -0.14128318821817082, 0.3245829963461027, -0.2691699663065512, 0.3773801159232981, -0.47083630149026845, 0.06828665722760846, 0.043326632195099926, -0.7611819691359564, 0.043683164450558296, -0.5292635734177918, 0.6851010070841164, 0.44409908491440747, -0.8718679682223917, -0.16676144920879812, -0.9611676201479064, 0.9199649536722053, 0.0006669743716901883], "Y": [-0.7037127285484454, 0.5916405888313934, 0.208433037714256, -0.37283351683133814, 0.4646323206838301, -0.8170071431599639, -0.9016430172301101, 0.02751666475986712, -0.3721252114494117, -0.12677852161605319, 0.18845271402440006, 0.8105537936638041, 0.3766268431577356, 0.3419857058440206, 0.670757564242719, -0.8395164054462876, -0.6977293425339394, 0.8508012259726403, 0.043286438011275026, 0.7712578445646388, -0.12260145446058983, -0.26637546048285127, -0.5080137897811448, 0.4354884496618475, 0.5599650940369916, 0.2721863226452492, 0.7288067582727041, 0.31727583834994083, 0.328295823338544, 0.49187067548859953, -0.03568777325218287, 0.947296066986882, -0.9373873835469331, -0.22514592905818706, 0.2525402140069112, 0.12808191650382972, 0.31743134642907944, -0.6766857630851613, 0.9731563560798115, 0.636438039614814, 0.9438319198161403, 0.9504547191823078, -0.7381769245437438, -0.8106117173025831, 0.7804601209146044, 0.9045556644021344, -0.36980173183971543, 0.5571797242912999, 0.4648702545414265, 0.5346136816950308, -0.3473790616135088, 0.2850810463457569, -0.9829827433994852, -0.25988296662394994, -0.3523236464226718, 0.36563023149049556], "Z": [0.6927114751843069, 0.5050515636131808, -0.49330569543161834, -0.9209446675708405, -0.8614960791689384, 0.022736401365065276, 0.2797782983601376, -0.9709051418638477, 0.5096137389375963, 0.9857463725368116, -0.9057912506293047, 0.44235880035842684, 0.6283299374769388, -0.6298054603857671, -0.7083094404362691, -0.5423349535235734, 0.6689292955237489, 0.07717268189358355, -0.923629395239724, 0.5300903982968842, -0.9919949118424811, -0.8643350693438504, -0.2814984216263141, -0.374175574681391, 0.8025419353175843, 0.7526789518093224, 0.32030931850221567, -0.8880154543223301, -0.7678815722704758, -0.7803192108116352, 0.5320246114596295, 0.31356014869871757, 0.2880296708174279, 0.3546025312287035, -0.56706818284212, -0.9894461537343674, 0.940691380238069, -0.7163573347259821, -0.1543709551006487, -0.7582781036388703, -0.061864251544527994, 0.15550998689026535, -0.5591771420371705, -0.34816924185045733, -0.6214651495511556, -0.42414838552167533, -0.532774519839918, -0.82924214556561, 0.7097715944553001, -0.4947977581161962, 0.8258957502800847, 0.3982148201689222, 0.07704248981311107, 0.09283129665120919, 0.1718503191336266, -0.9307599523858954]}