{"X": [-0.8663293320153169, 0.4065891639746192, 0.36654935576402875, 0.1153469444051103, 0.3455778478870398, -0.6236963510076529, 0.011680395100578703, -0.4524136961549525, 0.7562087389169131, 0.6163349333826373, -0.1633748621112563, -0.6130919475669154, -0.0018111558795794603, 0.9511795609522032, -0.5660647380224648, -0.5288420541170558, -0.8142177067799765, 0.3297899341571294, 0.6501189578907103], "Y": [-0.03815566631623436, 0.8519454480462892, 0.8506557848592833, -0.4267517025532739, -0.6221292200826519, -0.7778213877890399, 0.9991955560288559, -0.10521924351346983, 0.5309292243774276, -0.7873548816724301, 0.4828735227017665, -0.3095426996312518, -0.008392337264672329, -0.1605857948809107, 0.6229151798430319, 0.7368726697517117, 0.5787015643409603, 0.42220388458452834, 0.06694988078363998], "Z": [-0.4980136881832255, 0.3299609147939006, -0.3768637757524756, -0.8969827572391157, 0.7025177468001169, 0.07743868824864537, -0.0383641653431938, -0.885579334857057, -0.3824428086494437, 0.01426675151579648, 0.8603149513426549, 0.726843573909547, 0.9999631435156077, -0.26357094928925673, 0.5399512858477897, -0.42112320094033984, 0.0464114791326621, -0.8443828984355205, -0.7568771723695683]}