{"X": [0.19177736176451932, 0.2631823388507833, 0.8765036782687057, -0.6038423539907184, 0.11627660431682972, -0.4253115799714151, 0.8084105732952009, 0.765117037585297, -0.142471976853809, -0.08758473820391377, -0.8260525957819658, -0.22920854803265842, 0.7366041048973597, 0.8413134689620471, -0.0447536478157334, -0.13207251752448657, 0.6879765160052249, -0.7222173407731324, 0.9060194574812228, -0.30677041204340494, -0.9417949783831528, 0.30257721383793607, 0.7007212637691947, 0.1777437404384436, -0.20509516479482937, -0.5234794962141743, 0.9328016105334335, 0.3540820853314805, -0.2868767330398095, -0.7995879862071112, -0.6546744914346874, -0.1704728071317164, 0.32773468769210434, -0.9601170651265434, -0.1832552713135467, 0.19906306493053239, 0.5172681318909925, 0.1904198372115988, 0.8187895308618964, 0.17678375661833745, 0.4601187917930279, -0.3325966869290351, 0.6133380154263766, -0.03141073710281664, -0.38039702052781793, -0.27335112487050933, 0.941263732093788, 0.7910194454704302, 0.10501684099963382, -0.9997505060523173, -0.4907892139250793, 0.38073252677340425, 0.10996905005828048, 0.1483029887396029, 0.04426227126484955, -0.1006284741835561, -0.00029727342275704576, -0.7776942454743155, -0.3329100441397289, 0.43262646120901554, 0.18020641844129062, -0.4216665025360574, -0.8645825146872508], "Y": [-0.8704122582478132, -0.9404586774707712, 0.3802144684999105, -0.5299619222363299, -0.35205447963024916, 0.14823503975685776, 0.0893503343021971, -0.4420664626143629, 0.9697813325792647, -0.04083430221138591, -0.4623973167202903, 0.970621397251491, 0.6412745811110752, 0.5357944762133487, 0.1620546587896008, 0.8506266901176431, -0.7244138058429941, 0.1280962237703097, -0.11719549917002424, -0.061597753943737635, 0.1338634173028747, 0.9527542514937012, 0.36893841618181084, 0.03638585459428678, -0.6535822440583143, -0.8516559502495776, 0.33127688015882256, 0.24033207721030053, 0.7619157793326299, -0.08780837159577995, 0.17478135512542034, 0.27536759949001355, 0.49169329313292215, -0.2541881052799583, -0.25444519439977825, 0.699150205120618, -0.20728216264755314, -0.9812642210537246, 0.2128770832836857, -0.0801711241444488, -0.8856220940837324, -0.8767327122638869, 0.11076404711172515, 0.6678292270670148, -0.5799523913692, -0.45723750748157876, -0.05426712123787786, -0.5713345973268013, -0.7425370094603898, 0.020783716441094068, -0.22146207860517486, 0.1347998585259552, -0.20082948314864105, 0.35554072013640936, -0.5848745687518941, -0.8572201145301092, 0.9670997082864976, 0.5534062655270141, 0.8806774095557514, -0.03231708895303359, -0.4275121379468619, -0.6880028587821698, -0.5024897405839344], "Z": [-0.4534357112166869, -0.21511051226511316, 0.2952596483178153, -0.5954114312864023, 0.9287289134407424, 0.8928249732901188, -0.5817979569787178, -0.4681593333773485, 0.19805530235808713, -0.9953197844897193, 0.32222015841928947, -0.07319525057217706, -0.21489835799552945, 0.07152570308853974, 0.9857664016245286, -0.5089116663766388, -0.043737299063631226, -0.6797010152577174, -0.4066865594530011, 0.9497882032347035, -0.3083874254898749, 0.026577545536579077, -0.6106342240383842, -0.9834039009076558, -0.728537043416105, 0.02552174460814109, -0.14190413686171974, -0.903806599616916, 0.5806772642736732, 0.5940948932543973, 0.7354269427789923, -0.9461034336581493, -0.8067389168569105, -0.11646299149076338, -0.9495657684345289, 0.6867043664199758, 0.8303419685756923, 0.029339633197013573, 0.5331670015704144, 0.9809791507719845, -0.06296192428499152, -0.3474466794923186, -0.7820152202484716, -0.7436514567119002, 0.720384154822068, -0.8462936985964509, 0.3332831621870914, 0.21878074591945934, -0.6615211657143546, -0.008183078823498946, -0.8426627410979307, 0.9148069420364723, -0.9734342950233102, 0.9228201449122059, -0.8099151746755723, -0.5050223613152945, -0.2543974564744768, -0.2982166424456877, -0.33701365374277514, -0.900993868360582, -0.8858662532576043, -0.5906347661174126, -0.0010657884218390847]}