{"X": [-0.520546879254542, -0.20606879484474314, 0.45642169219852435, -0.0035343241237949523, 0.04989384712301133, -0.9782218040239996, 0.17634288318175217, -0.8109229761776424, 0.6794823884553185, 0.47319980902260284, -0.446014276224417, -0.9482071427898181, -0.9698247214718182, 0.07452019655478624, -0.24765049442441855, -0.7522122251733148, 0.3966590850002219, -0.8921390247020499, 0.693348283577167, 0.7945218143293954, 0.5518060553394375, 0.538387291886359, -0.7299262721926717, -0.3527395242768232, -0.11025832455519302, -0.17049653154604216, 0.6839551673968784, 0.9035543531531229, -0.6524747705719434, 0.09884783523420909, -0.3189280497885762, 0.2644213412739508, -0.7998332317009681, -0.3323953161126969, 0.3006448988898583, -0.13787053357053564, -0.3736544381473162, -0.38517778671131525, -0.45070563572509437, 0.30628596606163483, 0.6116634468754264, -0.09885584478161041, -0.7828733377899079, 0.057104871997269796, -0.08024316447318128, -0.8560626063282353, 0.8575287128728958, -0.1492812877787946, 0.0658198134496911, -0.4325434459666139, 0.2910421405134447], "Y": [-0.40253622907788184, 0.08043610961990953, 0.0212509021694807, 0.6574868956115193, 0.47806028671911727, -0.10755371275213796, -0.4128785200261808, -0.1742947608822318, -0.25378086680784573, 0.5477180799935021, 0.5960977687466447, 0.18044231013507492, 0.24124405045149833, 0.03337901855880155, 0.8978018048462776, 0.6176889085091077, -0.386405979270922, -0.012684317662305034, 0.43929654334036394, -0.5764292232357895, 0.6983590727176641, -0.5636130432747267, -0.5296970110357752, 0.07698013552057098, -0.6713964089474063, 0.8002352020120267, 0.022484406901678904, 0.1556200809236878, 0.12355281702684884, 0.33410900580575903, -0.2977444339730353, 0.41805951051379947, 0.18405226485743073, -0.4303697710766091, -0.18292465548641143, 0.2837647683559914, 0.35622983911972705, -0.6787725853415476, 0.04877827869749603, 0.43133217446912875, 0.7822907690652215, -0.21941198951006702, 0.11598826994735412, 0.20215139279934613, -0.5888255665439619, -0.3936264579338227, -0.08745393715935235, -0.2151837453804155, -0.03237486352690983, -0.8833017563036463, 0.7755454255497418], "Z": [-0.7529910562404551, -0.9752259656410144, -0.8895097740034219, -0.7534576900212215, -0.8769087559611325, -0.17752267743942554, 0.8935516298749264, 0.5585922153379874, -0.6884031924833833, 0.6899904677524205, -0.6676366642862577, -0.2614264467789878, 0.03523233946057349, 0.9966607153015951, -0.36417187127249073, -0.22942794207471257, -0.8326776023590803, -0.45158284809004556, 0.5712151124312136, -0.19095663684331612, -0.4558559891497029, -0.6264818124940846, 0.4320054555936482, 0.9325496698558179, -0.7328505740727839, -0.574938739511907, -0.7291774684103917, -0.3992141296489224, -0.7476706328135537, 0.937336800573304, -0.8997961719723708, -0.869084345704056, -0.5713068923683974, 0.8392229822697943, -0.9360294948273182, 0.9489305939913869, -0.85643602363139, 0.625224639639965, -0.891338941959201, 0.8486114907667844, 0.11785151841116293, -0.970611096583873, 0.6112741268958702, -0.9776880115780595, 0.8042670493931181, -0.33498511259603975, -0.5069480402111076, 0.9650963956223032, -0.9973061818564356, 0.18078765074589812, -0.560199754868049]}