{"X": [-0.17752433331762676, -0.16519653773500126, 0.44569919931445884, -0.6022336348233037, 0.4262018801907173, 0.7830114630566315, 0.3561116693996241, -0.40108260656002676, -0.7828663901435158, -0.8749561580188657, 0.060804462761633385, 0.993647888255133, -0.00144254591327105, -0.085792913250455, 0.4590311032986291, 0.011219046633647275, -0.29907832742249413, -0.5599023996215784, 0.794558423734808, -0.6278944003171274, -0.706012722414403, 0.6175824884507002, -0.9301757979452104, -0.4094351982198048, 0.2906294931347544, 0.8531039965140794, 0.7957567799206001, -0.3483116709812034, -0.9451389173984031, 0.2956489933485798], "Y": [0.900937879597516, 0.7071633347969328, -0.18571467225425717, -0.6511063794066316, 0.6224540612611378, -0.5428062469968367, -0.5061618007318942, 0.9097403335154703, -0.578060226514662, 0.45966755828162276, 0.2695929669149177, -0.02406647451985547, -0.7921576479315704, -0.06495566456038934, 0.20730646672555525, 0.5816021198040874, -0.9513316350042683, 0.22592614968136895, 0.39352705048428105, 0.29450739433012246, 0.601174481047329, -0.6877121812175567, -0.14650278415596252, -0.5725679327698469, -0.9357206010032574, 0.012946915140409597, 0.588470763106327, -0.22411608000584918, 0.008883480298484668, 0.955204876413474], "Z": [0.39597480751490216, -0.687480997438656, -0.8757067341524468, -0.46192546128515055, -0.656431945399836, 0.3037341385868939, 0.7854837429235942, -0.10726261366466643, 0.23014471470246295, -0.15217574513790444, -0.961052781848261, 0.10993033689705445, -0.6103148203057257, 0.994193310014465, 0.8638949444569112, 0.8133960334498959, 0.07429854848022957, 0.7971616384323509, 0.46239958024332084, -0.7204262743232486, 0.37434646936558347, -0.38163310360086833, -0.3366153875739235, 0.7103018941424648, 0.19990361321981776, -0.5215802416887095, -0.1430849683910042, -0.9101928161335343, 0.3265478687677523, 0.01324072535366562]}