{"X": [-0.40936387705776256, 0.3640407529243271, -0.2875558452412536, -0.13342897278431792, -0.6417519784014432, 0.00740644367159402, 0.7277372092793222, -0.9339320891671707, -0.16606155705956394, 0.6767956761871272, -0.34613598316615185, -0.6233417732865641, -0.7025486962496029, 0.7485706293838692, -0.518601364158743, -0.7891722396068439, 0.592813704157362, 0.3828708013056841, 0.19753814714093285, -0.41484547474062716, 0.25854565963574605, 0.10732324332292614, -0.8949178141984163, 0.2851460519139118, 0.9554946940236844, 0.609399888317564, -0.9560526767864904, -0.6685846466302463, -0.4401140128809671, -0.30621245579720985, 0.30410877149217697, 0.3301590782727745, -0.008973636348745569, 0.8196675145707478, -0.20838303729087812, 0.8166141311572029, -0.19481736527047347, 0.9337712716258999, 0.6466180947357962, 0.9621415292136685, 0.4539538000068077, -0.7884391018926707, -0.10729813527502495, -0.7401665781010631, 0.18631824191480006, 0.2592751836070802, -0.10292834952358756, -0.574725948453682, 0.6367539725151484, -0.9524682567984125], "Y": [0.4900720217014845, -0.8634499006793673, -0.7363348650649675, 0.13423488424834093, -0.2562643553538058, 0.9776177952354106, -0.09872952258616921, -0.04434115393279665, -0.3616103186315474, 0.42571623296153277, 0.6909663797971897, 0.06595687459448049, -0.5907785277501503, -0.5179839762191468, 0.795301831984352, 0.422980634066549, -0.26425487842267464, 0.7987446700436943, 0.7664231780878547, 0.26652993348712045, 0.4515500660018254, 0.3941991074296631, -0.4382505428195827, -0.5784643178961247, 0.1358600998963809, 0.2820334948235199, 0.2931803121132103, -0.40765836751528234, 0.8883824465370812, -0.8888316342126501, -0.688151435731309, -0.03721415002851996, 0.9601144756696448, 0.5667188064077142, -0.1356621330570651, -0.4211874852974926, -0.614469190661481, 0.16077127771777586, 0.63893228037021, -0.27109769642246745, 0.89016497556184, 0.22000365392651444, -0.9733036138456937, 0.5988376641126247, -0.9551853997196174, -0.007267584637850951, 0.7813748045981779, -0.8043809091213595, -0.7656656403774051, -0.1235450466006863], "Z": [-0.7695782154567896, -0.34918275906333024, -0.6124725319206931, -0.9819255089224214, 0.7228298405523474, -0.2102583911076896, -0.6787127784271128, -0.35468960358565893, -0.9174211337908801, -0.6005941239201822, 0.6346300837082712, -0.7791628355932344, 0.39674432642112, -0.41392585471801613, -0.31392295413847066, -0.44530277277216485, 0.760750465917074, -0.46413026359453574, 0.6112071600642779, 0.8699799001371094, -0.8539652684841837, 0.912736974787537, -0.08401528163774732, -0.7642452237331154, -0.2618624122487442, 0.7410053197623969, -0.0029298120395415215, -0.621939889125214, 0.1306762577923089, 0.3408991902857963, 0.658760545723905, -0.943191438718422, 0.2794631772886787, -0.08351622609546393, 0.9685929461976458, 0.3946421962020037, 0.7645088671277106, 0.3197245823316429, 0.4167140274350891, -0.028101899523257843, 0.03914414058793435, 0.5744233411567301, -0.20289698233688716, 0.3058543586452511, 0.2300138363061081, 0.9657761445485421, -0.6155153691042244, -0.15053716223946498, 0.09110711076329622, 0.2784615615337735]}