{"X": [-0.2531767326673113, -0.6308606731610447, -0.12776994460847105, -0.7084013248627051, 0.31636076057844464, 0.9298103217479707, 0.2401939273650092, 0.5043809020424131, -0.5885691896720402, 0.2305092921843975, 0.2603413519478215, 0.38159221929220627, -0.8335332138947451, 0.09772911379658593, 0.49006272062450906, -0.11769980793505826, -0.40030206608444713, -0.8220133807006713, 0.3920978412931561, -0.9642071286064269, 0.0063516863106732446, 0.6198511495093112, 0.9821635623437126], "Y": [0.6223960051378759, -0.7726216762382584, -0.079543824538688, -0.11515999815420205, 0.926182053041053, -0.0993885236635292, -0.7589169022091621, 0.1760319869941542, -0.632171193627868, 0.27469630879941354, 0.611162013169255, -0.8315303094200389, -0.4518285522967115, 0.7813410214001604, -0.8697294627727139, -0.6986700874667376, -0.6863634416988775, 0.5564860387004491, -0.31392557964666035, -0.129459011743716, -0.9981911144617508, -0.40607258102155375, 0.1680265704892726], "Z": [-0.7406245707673477, 0.07120783991652443, -0.9886089324057853, -0.6963517342248012, -0.2051893608130987, -0.35436518866124417, -0.6052701981745193, -0.8453476475449444, -0.503930442537375, 0.9334920482514167, -0.74746463068488, 0.40366412113471645, -0.3179203369772923, 0.616405084821571, -0.05838828169410973, -0.7056960139403308, 0.6071766479269393, 0.12090198790977578, -0.8647022685854104, 0.23139787687636584, -0.0597842378108043, 0.6714831430456607, -0.08439080763875603]}