{"X": [0.41360820883089455, -0.13354403623533892, 0.6702132754038769, -0.020382446044606546, -0.44851057913849596, -0.40039502786535863, -0.5609228248020198, -0.09882757402276961, -0.9858293628422742], "Y": [-0.6169338548504208, -0.08908852252381767, 0.7386531452832449, 0.15327500346088457, -0.7971306559613405, 0.7510777909318673, 0.686571028220351, -0.8460875048990457, 0.027821877935261818], "Z": [0.6695676727016463, -0.9870305089208224, -0.07215051237223821, 0.9879733443809628, 0.40425360570747443, -0.5249437813991179, 0.46258600046323545, -0.5238024863118552, -0.16542796156076806]}